一 ○ 五 年 度 公 路 平 均 每 日 交 通 量 調 查 資 料 表,,,,,,,,,,,,,,,,,,,,,,,,,,,,,
,,,,,,,,,,,,,,,,,,,,,,,,,,,,,
填報單位：交通部公路總局第二區養護工程處,,,,,,,,,,,,,,,,,,,,,,,,,,,,,    調查週期：定期按年辦理
縣,調      查      站,,,,路,起 迄 地 名,起 迄 樁 號,"地

形","里


程","路
面
寬
度","方


向",車道佈設,,,總        計,,各  車  種  車  輛  數  (輛/日),,,,,,,尖峰小時,,方,自行車,,備
市,編,地,樁,座,線,,,,,,,"快車道
寛    度",機慢車道寛度,"路肩
寛度",流,車,合,小,大,大,"全
聯
結
車","半
聯
結
車",機,,,向,,,
, ,,,,編,,,,,,,,,,量,公,,型,客,貨,,,,交通量,時段,係,平  日,假  日,
別,號,點,號,標,號,,,,(公里),(公尺),(往),(公尺),(公尺),(公尺),(PCU),里,計,車,車,車,,,車,(PCU),,數,交通量,交通量,註
苗栗縣,Ⅱ-01,頂大埔,89K+600,"E120'55'10.5""",台1線,竹苗縣界~頭份,89K+547~92K+000,平原區,2.5,23.4,北,"3.6,3.8",2.0,1.1,"9,858 ","25,560 ","10,224 ","7,209 ",140 ,194 ,0 ,118 ,"2,563 ","1,014 ",17-18,0.51,,,
,,,,"N24'42'57.8""",,,,,,,南,"3.6,3.8",2.0,1.1,"10,133 ","26,290 ","10,516 ","7,512 ",117 ,228 ,2 ,103 ,"2,554 ","1,482 ",08-09,,,,
苗栗縣,Ⅱ-02,頭份,93K+400,"E120'54'43.6""",台1線,頭份~尖山,92K+000~96K+139,平原區,4.1,22.8,北,"3.7,4.3",0,2.8,"13,009 ","55,416 ","13,516 ","10,519 ",192 ,293 ,3 ,103 ,"2,406 ","1,082 ",15-16,0.51,,,
,,,,"N24'41'24.0""",,,,,,,南,"3.7,4.3",0,1.7,"13,340 ","58,167 ","14,187 ","10,346 ",92 ,281 ,2 ,145 ,"3,321 ","1,035 ",17-18,,,,
苗栗縣,Ⅱ-03,尖山大橋,98K+000,"E120'52'58.1""",台1線,尖山~談文,96K+139~99K+000,平原區,2.9,25,北,"3.8,3.7",2.0 ,1.8 ,"14,845 ","48,053 ","16,570 ","9,640 ",43 ,238 ,3 ,53 ,"6,593 ","1,921 ",07-08,0.74,,,
,,,,"N24'39'59.1""",,,,,,,南,"3.8,3.8",2.0 ,2.0 ,"5,862 ","17,272 ","5,956 ","4,783 ",42 ,174 ,2 ,35 ,920 ,652 ,07-08,,,,
苗栗縣,Ⅱ-04,公館仔橋,99K+200,"E120'52'31.1""",台1線,談文~造橋,99K+000~102K+029,平原區,3,24.6,北,"3.5,3.7",2.0,1.8,"6,339 ","19,761 ","6,587 ","4,045 ",99 ,222 ,3 ,109 ,"2,109 ",737 ,07-08,0.51,,,
,,,,"N24'39'37.2""",,,,,,,南,"3.5,3.7",2.0,1.5,"6,499 ","20,178 ","6,726 ","4,329 ",105 ,215 ,2 ,100 ,"1,975 ",689 ,07-08,,,,
苗栗縣,Ⅱ-05,龍昇陸橋,105K+300,"E120'49'46.3""",台1線,造橋~後龍,102K+029~107K+581,丘陵區,5.6,23.4,北,"3.7,3.7",2.0,1.1,"4,151 ","21,437 ","3,828 ","2,508 ",54 ,142 ,3 ,105 ,"1,016 ",564 ,07-08,0.50,,,
,,,,"N24'38'36.5""",,,,,,,南,"3.7,3.7",2.0,1.1,"4,014 ","21,185 ","3,783 ","2,508 ",43 ,138 ,1 ,87 ,"1,006 ",386 ,17-18,,,,
苗栗縣,Ⅱ-06,大庄橋,110K+200,"E120'47'51.0""",台1線,後龍~十班坑,107K+581~111K+500,平原區,3.9,24.8,北,"3.7,3.7",2.0,1.8,"4,002 ","16,774 ","4,301 ","2,713 ",26 ,78 ,1 ,40 ,"1,443 ",511 ,07-08,0.50,,,
,,,,"N24'37'6.7""",,,,,,,南,"3.7,3.7",2.0,1.8 ,"4,032 ","16,899 ","4,333 ","2,712 ",40 ,85 ,2 ,35 ,"1,459 ",452 ,17-18,,,,
苗栗縣,Ⅱ-07,後龍溪橋,112K+300,"E120'47'0.5""",台1線,十班坑~西湖,111K+500~118K+335,平原區,6.8,29,北,"3.5,3.5,3.5",0,2.4,"7,738 ","53,672 ","7,893 ","5,599 ",125 ,180 ,1 ,202 ,"1,786 ",671 ,14-15,0.50,,,
,,,,"N24'36'24.2""",,,,,,,南,"3.5,3.5,3.5",0,2.4,"7,569 ","53,054 ","7,802 ","5,552 ",127 ,157 ,2 ,169 ,"1,795 ",755 ,07-08,,,,
苗栗縣,Ⅱ-08,西湖橋,118K+500,"E120'45'6.8""",台1線,西湖~南勢,118K+335~124K+129,平原區,5.8,25.8,北,"3.7,3.7",2.1,2.8,"2,343 ","13,357 ","2,303 ","1,418 ",32 ,80 ,0 ,94 ,679 ,258 ,11-12,0.52,,,
,,,,"N24'33'47.4""",,,,,,,南,"3.7,3.7",2.1,2.8,"2,581 ","14,645 ","2,525 ","1,471 ",72 ,94 ,0 ,104 ,784 ,318 ,10-11,,,,
苗栗縣,Ⅱ-09,新埔橋,127K+600,"E120'41'48.4""",台1線,南勢~通霄,124K+129~132K+131,平原區,8,30.8,北,"3.5,3.5,3.5",2.0,1.4,"6,632 ","49,384 ","6,173 ","4,344 ",74 ,194 ,4 ,341 ,"1,216 ",852 ,17-18,0.52,,,
,,,,"N24'32'32.9""",,,,,,,南,"3.5,3.5,3.5",2.0,1.4,"5,920 ","44,784 ","5,598 ","3,983 ",56 ,162 ,4 ,271 ,"1,122 ",911 ,14-15,,,,
苗栗縣,Ⅱ-10,番社橋,132K+700,"E120'41'33.0""",台1線,通霄~田心仔,132K+131~134K+975,平原區,2.8,35.4,北,"3.7,3.5,3.5",2.1 ,3.7 ,"4,292 ","10,814 ","3,862 ","2,663 ",42 ,252 ,4 ,237 ,664 ,513 ,16-17,0.50,,,
,,,,"N24'29'52.8""",,,,,,,南,"3.6,3.5,3.6",2.1 ,3.2 ,"4,683 ","10,662 ","3,808 ","2,597 ",49 ,270 ,4 ,423 ,465 ,630 ,16-17,,,,
苗栗縣,Ⅱ-11,苑裡橋,139K+100,"E120'39'33.2""",台1線,田心仔~山柑尾,134K+975~140K+000,平原區,5,25.6,北,"3.7,3.7",2.0,1.8,"7,978 ","41,590 ","8,318 ","5,645 ",96 ,154 ,1 ,113 ,"2,309 ",853 ,17-18,0.52,34 ,147 ,自行車車輛數(輛/日)：91
,,,,"N24'27'16.6""",,,,,,,南,"3.7,3.7",2.0,1.8,"8,483 ","44,900 ","8,980 ","5,975 ",81 ,153 ,0 ,94 ,"2,677 ","1,232 ",07-08,,57 ,297 ,"自行車車輛數(輛/日)：177
"
苗栗縣,Ⅱ-12,福特汽車,142K+500,"E120'38'40.9""",台1線,山柑尾~苗中縣界,140K+000~143K+382,平原區,3.4,26.8,北,"3.5,3.5",2.0 ,3.2 ,"10,330 ","36,635 ","10,775 ","7,471 ",158 ,200 ,1 ,112 ,"2,833 ","1,240 ",17-18,0.52,,,
,,,,"N24'25'47.5""",,,,,,,南,"3.8,3.8",2.0 ,2.3 ,"11,101 ","39,933 ","11,745 ","7,789 ",114 ,266 ,0 ,104 ,"3,472 ","1,784 ",07-08,,,,
台中市,Ⅱ-13,大安溪橋,150K+150,E120'38'33.6'',台1線,苗中縣界~大甲,143K+382~153K+559,平原區,10.2,35.2,北,"3.5,3.5,3.5",2.0,3.5,"17,045 ","188,098 ","18,441 ","11,958 ",150 ,260 ,0 ,96 ,"5,977 ","2,837 ",07-08,0.51,,,
,,,,N24'22'3.5'',,,,,,,南,"3.5,3.5,3.5",2.0,3.5,"16,283 ","177,878 ","17,439 ","11,656 ",166 ,249 ,3 ,104 ,"5,261 ","2,024 ",17-18,,,,
台中市,Ⅱ-14,大甲溪橋,156K+300,E120'36'35.6'',台1線,大甲~清水,153K+559~162K+989,平原區,9.4,24.2,北,"3.5,3.8",1.8,1.8,"12,786 ","126,562 ","13,464 ","9,145 ",220 ,308 ,0 ,85 ,"3,706 ","1,320 ",17-18,0.51,34 ,141 ,"（平日）自行車車輛數(輛/日)：34
（假日）自行車車輛數(輛/日)：141"
,,,,N24'19'43.0'',,,,,,,南,"3.5,3.8",1.8,1.8,"13,294 ","130,087 ","13,839 ","9,687 ",234 ,333 ,3 ,104 ,"3,478 ","1,615 ",07-08,,58 ,224 ,"（平日）自行車車輛數(輛/日)：58
（假日）自行車車輛數(輛/日)：224"
台中市,Ⅱ-15,美田橋,163K+100,E120'34'29.5'',台1線,清水~沙鹿,162K+989~164K+041,平原區,1.1,40.2,北,"3.5,3.5,3.5",2.5,6.0,"8,058 ","9,379 ","8,526 ","6,186 ",27 ,169 ,6 ,27 ,"2,111 ","1,113 ",07-08,0.58,,,
,,,,N24'16'40.9'',,,,,,,南,"3.5,3.5,3.5",2.5,5.5,"10,836 ","12,698 ","11,544 ","8,223 ",43 ,208 ,3 ,35 ,"3,032 ","1,266 ",17-18,,,,
台中市,Ⅱ-16,梧棲,169K+500,E120'32'44.3'',台1線,沙鹿~龍井,164K+041~175K+804,平原區,11.8,38.2,北,"3.6,3.5,3.5",2.0,5.1,"9,264 ","112,820 ","9,561 ","7,121 ",21 ,232 ,6 ,95 ,"2,086 ","1,173 ",17-18,0.51,,,
,,,,N24'13'44.3'',,,,,,,南,"3.6,3.5,3.5",2.0,5.1,"9,606 ","117,516 ","9,959 ","7,490 ",50 ,207 ,3 ,76 ,"2,133 ","1,247 ",07-08,,,,
台中市,Ⅱ-17,山陽橋,176K+550,E120'32'32.6'',台1線,龍井~大肚,175K+804~178K+205,平原區,2.4,39.8,北,"3.5,3.5,4.1",0,7.8,"10,684 ","26,249 ","10,937 ","6,849 ",195 ,386 ,5 ,353 ,"3,149 ","1,367 ",07-08,0.51,,,
,,,,N24'10'13.7'',,,,,,,南,"3.5,3.5",2.0,9.5,"10,817 ","25,690 ","10,704 ","7,045 ",218 ,303 ,6 ,339 ,"2,793 ","1,329 ",07-08,,,,
台中市,Ⅱ-18,大肚,180K+600,E120'33'4.2'',台1線,大肚~王田交流道,178K+205~183K+967,平原區,5.8,23.8,北,"3.5,3.5",2.1,2.0,"16,567 ","98,623 ","17,004 ","10,865 ",121 ,498 ,5 ,390 ,"5,125 ","1,746 ",07-08,0.50,,,
,,,,N24'08'15.8'',,,,,,,南,"3.5,3.5",2.1,2.0,"16,640 ","97,486 ","16,808 ","11,230 ",184 ,464 ,6 ,423 ,"4,501 ","2,187 ",07-08,,,,
台中市,Ⅱ-19,大度橋,185K+800,E120'34'55.8'',台1線,王田交流道~中彰縣界,183K+967~186K+280,平原區,2.3,27.5,北,"3.5,3.5",2.6,0.3,"21,487 ","53,990 ","23,474 ","13,400 ",240 ,418 ,5 ,216 ,"9,195 ","2,747 ",07-08,0.52,34 ,134 ,"快慢分隔,1車道；
（平日）自行車車輛數(輛/日)：34
（假日）自行車車輛數(輛/日)：134"
,,,,N24'06'24.6'',,,,,,,南,"3.5,3.5",2.6,0.3,"23,167 ","58,351 ","25,370 ","14,560 ",280 ,395 ,5 ,212 ,"9,918 ","2,707 ",17-18,,62 ,163 ,"快慢分隔,1車道；
（平日）自行車車輛數(輛/日)：62
（假日）自行車車輛數(輛/日)：163"
彰化縣,Ⅱ-20,中山路三段,189K+500,"E120'33'21.7""",台1線,中彰縣界~台19線交岔路口,186K+280~191K+000,平原區,4.7,18,北,"3.3,3.6",0,1.7,"25,215 ","145,996 ","31,063 ","15,287 ",334 ,155 ,0 ,9 ,"15,278 ","2,412 ",07-08,0.52,,,
,,,,"N24'05'7.3""",,,,,,,南,"3.3,3.6",0,2.0,"27,325 ","158,822 ","33,792 ","16,554 ",295 ,162 ,1 ,6 ,"16,774 ","2,376 ",17-18,,,,
彰化縣,Ⅱ-21,台19線交岔路口,191K+000,"E120'32'41.9""",台1線,台19線交岔路口~137線交岔路口,191K+000~192K+050,平原區,1.1,18.6,北,"3.5,3.5",0,1.3,"25,674 ","35,530 ","32,300 ","15,080 ",180 ,106 ,0 ,2 ,"16,932 ","2,235 ",17-18,0.53,,,
,,,,"N24'04'45.1""",,,,,,,南,"3.5,3.5",0,3.0,"28,175 ","39,817 ","36,197 ","15,641 ",84 ,133 ,0 ,2 ,"20,337 ","2,311 ",07-08,,,,
彰化縣,Ⅱ-22,蓬萊橋,196K+300,"E120'32'9.4""",台1線,137線交岔路口~花壇,192K+050~197K+000,平原區,5,25.1,北,"3.6,3.6",1.8,2.5,"20,633 ","114,140 ","22,828 ","13,922 ",158 ,294 ,10 ,40 ,"8,404 ","2,405 ",07-08,0.50,,,
,,,,"N24'02'8.2""",,,,,,,南,"3.6,3.6",2.1,2.5,"20,690 ","114,715 ","22,943 ","13,488 ",238 ,333 ,5 ,50 ,"8,829 ","1,996 ",07-08,,,,
彰化縣,Ⅱ-23,港尾橋,203K+400,"E120'34'9.7""",台1線,花壇~員林,197K+000~205K+000,平原區,8,25.1,北,"3.7,3.7",1.9,2.2,"22,984 ","198,880 ","24,860 ","15,686 ",271 ,444 ,4 ,128 ,"8,327 ","2,485 ",07-08,0.51,103 ,152 ,"（平日）自行車車輛數(輛/日)：103
（假日）自行車車輛數(輛/日)：152"
,,,,"N23'58'54.0""",,,,,,,南,"3.5,3.5",1.8,2.7,"22,018 ","189,008 ","23,626 ","15,430 ",250 ,396 ,5 ,140 ,"7,405 ","2,349 ",17-18,,86 ,162 ,"（平日）自行車車輛數(輛/日)：86
（假日）自行車車輛數(輛/日)：162"
彰化縣,Ⅱ-24,永靖,207K+950,"E120'33'45.1""",台1線,員林~永靖,205K+000~209K+000,平原區,4,28,北,"3.7,3.5,3.7",0,0.4,"26,687 ","119,780 ","29,945 ","18,734 ",190 ,695 ,13 ,166 ,"10,147 ","2,998 ",07-08,0.52,,,
,,,,"N23'56'40.8""",,,,,,,南,"3.6,3.7",2.0,4.4,"25,311 ","108,536 ","27,134 ","17,614 ",128 ,711 ,11 ,146 ,"8,524 ","2,288 ",17-18,,,,
彰化縣,Ⅱ-25,第一北勢寮橋,215K+800,"E120'31'23.1""",台1線,永靖~北斗,209K+000~216K+000,平原區,7,25.2,北,"3.5,3.5",2.0,2.5,"16,659 ","124,061 ","17,723 ","11,780 ",150 ,478 ,5 ,89 ,"5,221 ","1,588 ",17-18,0.50,,,
,,,,"N23'53'1.9""",,,,,,,南,"3.5,3.5",2.0,2.5,"16,637 ","122,668 ","17,524 ","12,200 ",115 ,461 ,8 ,100 ,"4,640 ","1,461 ",07-08,,,,
彰化縣,Ⅱ-26,第四溪州橋,219K+100,"E120'30'17.5""",台1線,北斗~溪州,216K+000~220K+000,平原區,4,25.2,北,"3.5,3.5",2.0,2.4,"9,439 ","41,220 ","10,305 ","6,447 ",62 ,195 ,0 ,37 ,"3,564 ",891 ,17-18,0.51,74 ,109 ,"（平日）自行車車輛數(輛/日)：74
（假日）自行車車輛數(輛/日)：109"
,,,,"N23'51'35.4""",,,,,,,南,"3.5,3.5",2.0,2.4,"9,316 ","39,960 ","9,990 ","6,534 ",83 ,160 ,4 ,69 ,"3,140 ",854 ,17-18,,52 ,88 ,"（平日）自行車車輛數(輛/日)：52
（假日）自行車車輛數(輛/日)：88"
彰化縣,Ⅱ-27,溪州大橋,226K+000,"E120'28'1.4""",台1線,溪州~彰雲縣界,220K+000~226K+879,平原區,6.9,24.8,北,"3.7,3.8",1.9,1.8,"5,913 ","38,716 ","5,611 ","3,997 ",81 ,392 ,15 ,162 ,964 ,581 ,07-08,0.50,5 ,21 ,"（平日）自行車車輛數(輛/日)：5
（假日）自行車車輛數(輛/日)：21"
,,,,"N23'49'23.7""",,,,,,,南,"3.7,3.8",1.9,1.8,"5,955 ","39,068 ","5,662 ","4,043 ",71 ,375 ,9 ,174 ,990 ,623 ,17-18,,8 ,27 ,"（平日）自行車車輛數(輛/日)：8
（假日）自行車車輛數(輛/日)：27"
,,,,,,合計,,,137.5 ,,,,,,"680,899","3,626,766",,,,,,,,,,,,,
,,,,,,,,,,,,,,,,,,,,,,,,,,,,,
台中市,Ⅱ-28,大雅,1K+100,E120'38'57.2'',台1乙線,大雅~大華國中,0K+000~1K+775,平原區,1.8,24.5,北,"3.5,3.5",1.8,2.5,"22,985 ","44,186 ","24,548 ","16,147 ",318 ,449 ,5 ,144 ,"7,485 ","2,025 ",07-08,0.57,,,
,,,,N24'12'57.8'',,,,,,,南,"3.5,3.5",1.8,2.0,"30,331 ","58,262 ","32,368 ","21,017 ",284 ,615 ,7 ,275 ,"10,170 ","2,651 ",07-08,,,,
台中市,Ⅱ-29,水湳,5K+900,E120'40'6.7'',台1乙線,大華國中~五權路口,1K+775~8K+725,平原區,7,28,北,"3.2,3.2",5.4,0.1,"37,202 ","297,157 ","42,451 ","22,211 ",771 ,199 ,0 ,20 ,"19,250 ","3,361 ",07-08,0.51,,,
,,,,N24'10'41.4'',,,,,,,南,"3.2,3.2",5.2,0.1,"39,045 ","310,562 ","44,366 ","23,238 ",921 ,283 ,0 ,23 ,"19,901 ","3,469 ",17-18,,,,
台中市,Ⅱ-30,民權路口,9K+700,E120'40'15.6'',台1乙線,五權路口~精忠橋南端,8K+725~15K+370,平原區,6.6,26.2,北,"3.5,3.5",3.8,0.8,"20,718 ","155,793 ","23,605 ","13,153 ",186 ,113 ,0 ,4 ,"10,149 ","1,816 ",17-18,0.51,,,
,,,,N24'08'43.4'',,,,,,,南,"3.5,3.5",3.8,0.8,"20,008 ","149,668 ","22,677 ","12,677 ",248 ,151 ,0 ,5 ,"9,596 ","1,733 ",17-18,,,,
台中市,Ⅱ-31,明道中學,16K+300,E120'38'9.1'',台1乙線,精忠橋南端~烏日,15K+370~17K+221,平原區,1.9,26.2,北,"3.5,3.5",2.0,2.5,"19,680 ","41,638 ","21,915 ","12,480 ",456 ,199 ,1 ,30 ,"8,749 ","1,926 ",17-18,0.50,,,
,,,,N24'06'26.0'',,,,,,,南,"3.5,3.5",2.0,2.5,"19,342 ","41,220 ","21,695 ","12,023 ",468 ,146 ,1 ,24 ,"9,033 ","1,654 ",17-18,,,,
台中市,Ⅱ-32,集泉橋,18K+500,E120'36'56.5'',台1乙線,烏日~王田,17K+221~21K+921,平原區,4.7,30.3,北,"3.3,3.4,3.4",1.5,0.5,"24,020 ","124,644 ","26,520 ","14,931 ",522 ,437 ,3 ,88 ,"10,539 ","2,492 ",17-18,0.51,,,
,,,,"N24'06'21.7""",,,,,,,南,"3.2,3.4,3.4",2.6,0.3,"24,802 ","129,635 ","27,582 ","15,405 ",495 ,348 ,2 ,84 ,"11,248 ","2,830 ",07-08,,,,
,,,,,,合計,,,22.0 ,,,,,,"258,133","1,352,765",,,,,,,,,,,,,
,,,,,,,,,,,,,,,,,,,,,,,,,,,,,
彰化縣,Ⅱ-33,里程牌,3K+000,"E120'33'41.1""",台1丙線,大肚橋南端~139線交岔路口,0K+000~5K+536,平原區,5.5,27.2,北,"3.5,3.5",2.0,3.5,"21,977 ","129,706 ","23,583 ","16,652 ",89 ,381 ,0 ,42 ,"6,419 ","2,457 ",07-08,0.51,38 ,60 ,"（平日）自行車車輛數(輛/日)：38
（假日）自行車車輛數(輛/日)：60"
,,,,"N24'05'49.5""",,,,,,,南,"3.5,3.5",2.0,3.5,"21,145 ","125,472 ","22,813 ","15,816 ",80 ,315 ,3 ,47 ,"6,552 ","2,095 ",17-18,,34 ,102 ,"（平日）自行車車輛數(輛/日)：34
（假日）自行車車輛數(輛/日)：102"
彰化縣,Ⅱ-34,里程牌,6K+100,"E120'32'6.1""",台1丙線,139線交岔路口~莿桐,5K+536~8K+300,平原區,2.8,28.4,北,"3.5,3.7",2.1,3.9,"17,801 ","54,415 ","19,434 ","12,626 ",66 ,281 ,1 ,56 ,"6,404 ","1,690 ",17-18,0.50,,,
,,,,"N24'05'24.3""",,,,,,,南,"3.6,3.8",2.1,3.3,"17,640 ","53,875 ","19,241 ","12,610 ",59 ,340 ,2 ,28 ,"6,202 ","1,574 ",07-08,,,,
,,,,,,合計,,,8.3 ,,,,,,"78,563","363,468",,,,,,,,,,,,,
,,,,,,,,,,,,,,,,,,,,,,,,,,,,,
苗栗縣,Ⅱ-35,竹南交流道,1K+500,"E120'51'19.4""",台1己線,竹南~頭份,0K+000~4K+186,平原區,4.2,23.6,北,"3.6,3.6",2.0,0.3,"6,400 ","22,957 ","5,466 ","4,218 ",47 ,498 ,9 ,370 ,324 ,777 ,07-08,0.51,,,
,,,,"N24'40'18.4""",,,,,,,南,"3.6,3.6",2.0,0.3,"6,190 ","22,201 ","5,286 ","4,006 ",82 ,489 ,3 ,358 ,348 ,580 ,07-08,,,,
,,,,,,合計,,,4.2 ,,,,,,"12,590","45,158",,,,,,,,,,,,,
,,,,,,,,,,,,,,,,,,,,,,,,,,,,,
苗栗縣,Ⅱ-36,峨嵋橋,94K+900,"E120'57'57.5""",台3線,竹苗縣界~三灣國中,93K+000~97K+736,平原區,4.7,18.4,北,"3.5,3.5",0,1.2,"4,843 ","22,377 ","4,761 ","3,483 ",112 ,163 ,0 ,144 ,859 ,"1,040 ",15-16,0.51,,,分離2車道
,,,,"N24'40'35.5""",,,,,,,南,"3.5,3.5",0,1.2,"5,015 ","23,030 ","4,900 ","3,551 ",128 ,170 ,0 ,161 ,890 ,845 ,10-11,,,,分離2車道
苗栗縣,Ⅱ-37,中港溪橋,98K+000,"E120'57'16.0""",台3線,三灣國中~三灣,97K+736~100K+124,平原區,2.4,13.2,北,3.5,0,3.0,"6,101 ","15,245 ","6,352 ","4,669 ",72 ,123 ,0 ,119 ,"1,369 ","1,446 ",15-16,0.51,,,
,,,,"N24'38'54.4""",,,,,,,南,3.5,0,3.0,"6,288 ","15,571 ","6,488 ","4,723 ",105 ,120 ,0 ,138 ,"1,402 ",0 ,0 ,,,,
苗栗縣,Ⅱ-38,大河底一橋,102K+800,"E120'57'0.0""",台3線,三灣~三灣郵局,100K+124~107K+705,平原區,7.6,14,北,"3.4,3.3",0,0.2,"1,598 ","13,110 ","1,725 ","1,169 ",8 ,39 ,0 ,22 ,487 ,323 ,15-16,0.52,,,
,,,,"N24'36'57.9""",,,,,,,南,"3.4,3.3",0,0.2,"1,485 ","12,183 ","1,603 ","1,100 ",6 ,27 ,0 ,22 ,448 ,257 ,07-08,,,,
苗栗縣,Ⅱ-39,獅潭國中,113K+100,"E120'55'25.8""",台3線,三灣郵局~獅潭,107K+705~113K+683,平原區,6,16,北,"3.4,3.4",0,1.0 ,"1,715 ","11,664 ","1,944 ","1,300 ",7 ,13 ,0 ,4 ,620 ,444 ,14-15,0.50,,,
,,,,"N24'32'44.3""",,,,,,,南,"3.5,3.5",0,1.0 ,"1,742 ","11,718 ","1,953 ","1,338 ",10 ,15 ,0 ,5 ,585 ,296 ,11-12,,,,
苗栗縣,Ⅱ-40,鹽水坑橋,120K+800,"E120'53'56.5""",台3線,獅潭~豐林國小,113K+683~123K+883,丘陵區,10.2,13.4,北,"3.2,3.2",0,0.2,"1,265 ","13,586 ","1,332 ",922 ,15 ,29 ,0 ,8 ,358 ,225 ,14-15,0.51,,,
,,,,"N24'29'20.3""",,,,,,,南,"3.2,3.2",0,0.2,"1,205 ","13,015 ","1,276 ",888 ,20 ,31 ,0 ,3 ,334 ,241 ,14-15,,,,
苗栗縣,Ⅱ-41,汶水橋,126K+200,"E120'52'35.7""",台3線,豐林國小~汶水,123K+883~126K+530,丘陵區,2.6,15.4,北,"3.4,3.9",0,0.3,"5,307 ","13,551 ","5,212 ","4,627 ",82 ,90 ,2 ,18 ,393 ,983 ,14-15,0.52,,,
,,,,"N24'27'16.0""",,,,,,,南,"3.4,3.9",0,0.3,"5,726 ","14,596 ","5,614 ","4,974 ",77 ,107 ,0 ,25 ,431 ,717 ,11-12,,,,
苗栗縣,Ⅱ-42,湖忠橋,130K+200,"E120'51'50.3""",台3線,汶水~南湖,126K+530~133K+044,丘陵區,6.5,23.8,北,"3.5,3.5",0,3.6,"2,599 ","16,718 ","2,572 ","2,064 ",26 ,60 ,2 ,23 ,397 ,408 ,13-14,0.52,,,
,,,,"N24'25'19.7""",,,,,,,南,"3.5,3.5",0,3.6,"2,750 ","17,849 ","2,746 ","2,161 ",24 ,64 ,0 ,26 ,471 ,363 ,13-14,,,,
苗栗縣,Ⅱ-43,復興二橋,135K+800,"E120'51'7.1""",台3線,南湖~八份,133K+044~138K+131,丘陵區,5.1,15.7,北,"3.3,3.3",0,1.1 ,"2,431 ","12,653 ","2,481 ","1,945 ",16 ,45 ,0 ,18 ,457 ,374 ,15-16,0.52,,,
,,,,"N24'22'58.7""",,,,,,,南,"3.3,3.4",0,0.9 ,"2,631 ","13,546 ","2,656 ","2,090 ",24 ,51 ,0 ,22 ,469 ,378 ,14-15,,,,
苗栗縣,Ⅱ-44,景山橋,141K+600,"E120'49'36.5""",台3線,八份~酸柑湖,138K+131~144K+592,丘陵區,6.5,11.8,北,3.6 ,0,2.2 ,"2,116 ","13,312 ","2,048 ","1,592 ",27 ,48 ,0 ,24 ,357 ,510 ,16-17,0.50,,,
,,,,"N24'20'35.8""",,,,,,,南,3.6 ,0,2.2 ,"2,056 ","13,462 ","2,071 ","1,664 ",11 ,39 ,0 ,14 ,343 ,,,,,,
苗栗縣,Ⅱ-45,埔尾三橋,147K+200,"E120'49'25.3""",台3線,酸柑湖~卓蘭,144K+592~148K+817,丘陵區,4.2,18.2,北,"3.2,3.5",0,3.0 ,"3,323 ","14,721 ","3,505 ","2,418 ",17 ,63 ,0 ,32 ,975 ,399 ,11-12,0.51,,,
,,,,"N24'19'18.9""",,,,,,,南,"3.2,3.5",0,1.6 ,"3,187 ","14,158 ","3,371 ","2,295 ",16 ,78 ,0 ,26 ,956 ,388 ,15-16,,,,
苗栗縣,Ⅱ-46,卓蘭大橋,149K+100,"E120'48'59.8""",台3線,卓蘭~苗中縣界,148K+817~149K+448,丘陵區,0.6,16,北,"3.3,4.3",0,0.2,"7,414 ","4,507 ","7,512 ","5,513 ",80 ,116 ,2 ,95 ,"1,706 ",743 ,07-08,0.52,,,
,,,,"N24'18'27.0""",,,,,,,南,"3.3,4.3",0,0.2,"7,928 ","4,823 ","8,039 ","5,756 ",74 ,119 ,0 ,121 ,"1,969 ",766 ,16-17,,,,
台中市,Ⅱ-47,石圍橋,153K+200,E120'47'45.7'',台3線,苗中縣界~東勢,149K+448~157K+920,丘陵區,8.5,23,北,"3.6,3.6",0,3.6,"5,299 ","46,937 ","5,522 ","3,881 ",82 ,86 ,5 ,40 ,"1,428 ",673 ,07-08,0.53,,,
,,,,"N24'17'7.8""",,,,,,,南,"3.6,3.6",0,3.6,"4,669 ","41,854 ","4,924 ","3,406 ",55 ,96 ,3 ,29 ,"1,335 ",527 ,17-18,,,,
台中市,Ⅱ-48,東勢大橋,158K+250,"E120'49'20.0""",台3線,東勢~土牛,157K+920~158K+570,平原區,0.7,25,北,"3.5,3.5",4.4,0.2,"21,056 ","15,461 ","22,087 ","14,610 ",406 ,278 ,5 ,284 ,"6,504 ","1,992 ",17-18,0.51,,,
,,,,"N24'15'41.6""",,,,,,,南,"3.5,3.5",4.4,0.2,"19,847 ","14,866 ","21,237 ","13,893 ",385 ,277 ,3 ,120 ,"6,559 ","2,345 ",07-08,,,,
台中市,Ⅱ-49,石岡,162K+200,E120'47'4.7'',台3線,土牛~石岡,158K+570~165K+404,丘陵區,6.8,24.1,北,"3.5,3.5",2.0,1.5,"21,679 ","147,213 ","21,649 ","16,019 ",346 ,321 ,5 ,193 ,"4,765 ","1,993 ",17-18,0.50,,,
,,,,"N24'16'28.7""",,,,,,,南,"3.5,3.5",2.0,1.5,"21,333 ","144,384 ","21,233 ","15,884 ",353 ,323 ,3 ,189 ,"4,481 ","2,628 ",07-08,,,,
台中市,Ⅱ-50,朴子橋,165K+700,E120'45'10.3'',台3線,石岡~豐原,165K+404~171K+292,丘陵區,5.9,29.8,北,"3.5,3.5",2.0,4.7,"28,711 ","172,599 ","29,254 ","21,601 ",330 ,476 ,5 ,159 ,"6,683 ","2,738 ",17-18,0.50,,,
,,,,"N24'16'20.5""",,,,,,,南,"3.5,3.5",2.0,4.7,"28,590 ","172,640 ","29,261 ","21,399 ",290 ,515 ,3 ,146 ,"6,908 ","3,558 ",07-08,,,,
台中市,Ⅱ-51,潭子國小,174K+900,E120'42'18.5'',台3線,豐原~潭子,171K+292~178K+866,丘陵區,7.6,23.8,北,"3.3,3.3",2.0,2.0,"25,614 ","219,245 ","28,848 ","14,940 ",434 ,225 ,1 ,18 ,"13,230 ","2,886 ",07-08,0.51,,,
,,,,"N24'12'54.3""",,,,,,,南,"3.4,3.4",2.0,2.0,"27,060 ","230,523 ","30,332 ","16,072 ",458 ,266 ,1 ,14 ,"13,521 ","2,808 ",17-18,,,,
台中市,Ⅱ-52,北屯,180K+600,E120'41'38.6'',台3線,潭子~北屯,178K+866~181K+896,平原區,3,30.2,北,"3.5,3.5",2.0,5.4,"35,802 ","125,889 ","41,963 ","19,328 ",599 ,175 ,0 ,4 ,"21,857 ","2,844 ",17-18,0.52,,,
,,,,"N24'09'52.9""",,,,,,,南,"3.5,3.5",2.0,5.4,"33,152 ","117,240 ","39,080 ","17,615 ",513 ,114 ,1 ,3 ,"20,834 ","2,805 ",07-08,,,,
台中市,Ⅱ-53,精武路口,182K+500,E120'41'39.6'',台3線,北屯~大里,181K+896~188K+105,平原區,6.2,24.6,北,"3.5,3.5",3,0.5,"19,440 ","139,066 ","22,430 ","11,127 ",316 ,167 ,0 ,6 ,"10,814 ","2,047 ",07-08,0.60,,,
,,,,"N24'08'50.8""",,,,,,,南,"3.5,3.5",3,0.5,"13,161 ","91,921 ","14,826 ","8,253 ",253 ,123 ,1 ,1 ,"6,195 ","1,229 ",17-18,,,,
台中市,Ⅱ-54,大里橋,189K+900,E120'41'12.5'',台3線,大里~霧峰,188K+105~193K+617,平原區,5.5,30.6,北,"3.5,3.5,3.5",4.4,1.0,"31,573 ","204,188 ","37,125 ","16,181 ",583 ,241 ,0 ,31 ,"20,089 ","3,021 ",17-18,0.52,,,
,,,,"N24'05'42.8""",,,,,,,南,"3.5,3.6,3.6",1.2,1.1,"29,662 ","189,668 ","34,485 ","15,746 ",683 ,225 ,2 ,29 ,"17,800 ","3,219 ",07-08,,,,
台中市,Ⅱ-55,烏溪橋,199K+950,E120'41'44.5'',台3線,霧峰~中投縣界,193K+617~201K+635,平原區,8,28.2,北,"3.5,3.5",2.0,4.4,"9,772 ","89,752 ","11,219 ","5,772 ",96 ,112 ,1 ,8 ,"5,230 ","1,406 ",07-08,0.51,,,
,,,,"N24'00'39.5""",,,,,,,南,"3.5,3.5",2.0,4.4,"9,378 ","86,312 ","10,789 ","5,399 ",112 ,113 ,2 ,9 ,"5,154 ","1,205 ",17-18,,,,
南投縣,Ⅱ-56,草屯鎮公所,204K+600,"E120'40'46.9""",台3線,中投縣界~上林,201K+635~206K+800,平原區,5.2,22.1,北,"3.5,3.5",0,2.8,"11,446 ","68,162 ","13,108 ","8,258 ",98 ,158 ,0 ,20 ,"4,574 ","1,280 ",17-18,0.50,,,
,,,,"N23'58'24.0""",,,,,,,南,"3.5,3.5",0,2.8,"11,530 ","69,222 ","13,312 ","8,081 ",119 ,185 ,1 ,14 ,"4,912 ","1,357 ",07-08,,,,
南投縣,Ⅱ-57,貓羅溪橋,209K+000,"E120'39'51.9""",台3線,上林~南投,206K+800~215K+090,平原區,8.3,22.1,北,"3.5,3.5",0,3.0,"14,969 ","126,641 ","15,258 ","11,712 ",77 ,539 ,11 ,228 ,"2,691 ","1,918 ",17-18,0.50,,,
,,,,"N23'56'26.4""",,,,,,,南,"3.5,3.5",0,3.0,"14,960 ","128,036 ","15,426 ","11,814 ",59 ,441 ,3 ,217 ,"2,892 ","2,198 ",07-08,,,,
南投縣,Ⅱ-58,新街橋,217K+950,"E120'41'34.7""",台3線,南投~名間交流道,215K+090~220K+000,平原區,4.9,22,北,"3.5,3.6",0,2.8,"11,291 ","58,080 ","11,853 ","8,947 ",174 ,224 ,4 ,97 ,"2,407 ","1,285 ",17-18,0.51,,,
,,,,"N23'51'59.1""",,,,,,,南,"3.5,3.6",0,2.8,"11,105 ","56,850 ","11,602 ","8,761 ",157 ,254 ,3 ,109 ,"2,318 ","1,044 ",17-18,,,,
南投縣,Ⅱ-59,名間,220K+600,"E120'41'54.3""",台3線,名間交流道~台16線交岔路口,220K+000~223K+382,平原區,3.4,18.4,北,"3.5,3.5",0,2.0,"15,233 ","51,700 ","15,206 ","12,192 ",326 ,246 ,2 ,297 ,"2,143 ","1,920 ",16-17,0.51,,,
,,,,"N23'50'41.2""",,,,,,,南,"3.5,3.5",0,2.0,"15,503 ","53,074 ","15,610 ","12,562 ",233 ,272 ,2 ,272 ,"2,269 ","1,530 ",11-12,,,,
南投縣,Ⅱ-60,名竹大橋,224K+350,"E120'42'24.6""",台3線,台16線交岔路口~水底寮,223K+382~226K+900,平原區,3.5,18.4,北,"3.8,4.1",0,0.4,"6,910 ","21,868 ","6,248 ","4,153 ",163 ,114 ,0 ,521 ,"1,297 ",687 ,17-18,0.52,,,
,,,,"N23'48'57.4""",,,,,,,南,"3.8,4.0",0,0.5,"6,406 ","20,587 ","5,882 ","3,868 ",190 ,119 ,0 ,438 ,"1,267 ",560 ,14-15,,,,
南投縣,Ⅱ-61,延平,228K+950,"E120'42'43.5""",台3線,水底寮~151線交岔路口,226K+900~231K+600,平原區,4.7,20,北,"3.4,3.7",0,1.7,"8,724 ","41,783 ","8,890 ","7,281 ",277 ,104 ,1 ,55 ,"1,172 ","1,564 ",16-17,0.50,,,
,,,,"N23'46'45.5""",,,,,,,南,"3.5,3.7",0,1.5,"8,756 ","42,338 ","9,008 ","7,216 ",296 ,121 ,0 ,37 ,"1,338 ","1,193 ",10-11,,,,
南投縣,Ⅱ-62,南雲大橋,236K+400,"E120'39'20.1""",台3線,151線交岔路口~投雲縣界,231K+600~238K+027,平原區,6.4,18.8,北,"3.4,3.6",0,1.5,"6,411 ","39,642 ","6,194 ","4,493 ",44 ,177 ,0 ,291 ,"1,189 ",579 ,09-10,0.51,10 ,21 ,自行車車輛數(輛/日)：16
,,,,"N23'45'34.9""",,,,,,,南,"3.5,3.6",0,1.5,"6,169 ","38,067 ","5,948 ","4,275 ",55 ,166 ,0 ,288 ,"1,164 ",576 ,16-17,,7 ,17 ,自行車車輛數(輛/日)：12
,,,,,,合計,,,145.0 ,,,,,,"613,936","3,371,203",,,,,,,,,,,,,
,,,,,,,,,,,,,,,,,,,,,,,,,,,,,
南投縣,Ⅱ-63,第一太平橋,2K+850,"E120'40'57.8""",台3甲線,草屯~中興,0K+000~4K+471,平原區,4.5,15,北,3.5,1.6,2.1,"10,962 ","60,916 ","13,537 ","7,514 ",207 ,72 ,1 ,6 ,"5,737 ","2,113 ",17-18,0.51,,,
,,,,"N23'58'9.6""",,,,,,,南,3.5,1.6,2.5,"11,602 ","64,228 ","14,273 ","8,006 ",222 ,81 ,0 ,3 ,"5,961 ",,,,,,
南投縣,Ⅱ-64,南崗大橋,6K+100,"E120'40'29.9""",台3甲線,中興~永豐,4K+471~6K+996,平原區,2.5,15.9,北,4.3,1.6,3.4,"7,178 ","22,238 ","8,895 ","5,146 ",15 ,70 ,0 ,12 ,"3,652 ","2,080 ",07-08,0.55,,,
,,,,"N23'56'34.0""",,,,,,,南,4.3,1.6,0.5,"8,673 ","26,795 ","10,718 ","6,227 ",22 ,78 ,0 ,20 ,"4,371 ",,,,,,
南投縣,Ⅱ-65,平山橋,8K+650,"E120'40'35.0""",台3甲線,永豐~南投,6K+996~11K+738,平原區,4.7,9.4,北,3.5,0,1.1,"6,535 ","45,223 ","9,622 ","3,105 ",49 ,62 ,0 ,2 ,"6,404 ","1,525 ",07-08,0.52,,,
,,,,"N23'55'25.5""",,,,,,,南,3.5,0,1.1,"6,135 ","41,257 ","8,778 ","3,132 ",54 ,66 ,0 ,0 ,"5,526 ",,,,,,
,,,,,,合計,,,11.7 ,,,,,,"51,085","260,657",,,,,,,,,,,,,
,,,,,,,,,,,,,,,,,,,,,,,,,,,,,
南投縣,Ⅱ-66,社寮橋,1K+400,"E120'43'21.9""",台3丙線,竹山~集集,0K+000~6K+996,平原區,7,7.8,北,3.5,0,0.3,"3,628 ","28,021 ","4,003 ","2,981 ",29 ,60 ,0 ,1 ,932 ,961 ,15-16,0.55,37 ,28 ,自行車車輛數(輛/日)：33
,,,,"N23'48'48.8""",,,,,,,南,3.5,0,0.3,"4,498 ","34,041 ","4,863 ","3,842 ",51 ,46 ,0 ,0 ,924 ,,,,39 ,33 ,自行車車輛數(輛/日)：36
,,,,,,合計,,,7.0 ,,,,,,"8,126","62,062",,,,,,,,,,,,,
,,,,,,,,,,,,,,,,,,,,,,,,,,,,,
苗栗縣,Ⅱ-67,同光國小,0K+600,"E120'45'51.4""",台6線,後龍~十班坑,0K+000~2K+398,平原區,2.4,19.8,東,"3.5,3.5",0,2.8 ,"2,566 ","6,274 ","2,614 ","1,889 ",19 ,83 ,3 ,59 ,561 ,254 ,17-18,0.51,,,
,,,,"N24'36'36.6""",,,,,,,西,"3.5,3.5",0,2.8 ,"2,477 ","6,034 ","2,514 ","1,826 ",36 ,58 ,2 ,62 ,530 ,279 ,16-17,,,,
苗栗縣,Ⅱ-68,南勢溪橋,2K+650,"E120'46'53.5""",台6線,十班坑~竹圍,2K+398~4K+868,平原區,2.5,20,東,"3.6,3.6",0,3.4,"6,350 ","15,090 ","6,036 ","4,576 ",59 ,184 ,3 ,280 ,934 ,573 ,17-18,0.50,,,
,,,,"N24'36'2.8""",,,,,,,西,"3.6,3.6",0,2.0,"6,405 ","14,875 ","5,950 ","4,520 ",102 ,226 ,2 ,303 ,797 ,638 ,09-10,,,,
苗栗縣,Ⅱ-69,高鐵連絡道,7K+450,"E120'49'0.9""",台6線,竹圍~苗栗體育館,4K+868~11K+317,平原區,6.4,22.8,東,"3.5,3.7",2.3 ,0.6 ,"6,769 ","45,491 ","7,108 ","4,806 ",25 ,144 ,1 ,93 ,"2,039 ",911 ,17-18,0.51,,,
,,,,"N24'35'45.3""",,,,,,,西,"3.4,3.4",2.1 ,0.9 ,"6,487 ","44,294 ","6,921 ","4,436 ",17 ,144 ,0 ,79 ,"2,245 ",920 ,07-08,,,,
苗栗縣,Ⅱ-70,國立苗栗農工,14K+000,"E120'50'5.9""",台6線,苗栗體育館~公館,11K+317~17K+000,平原區,5.7,26.4,東,"3.5,3.5",2.0,1.0,"5,920 ","36,309 ","6,370 ","4,474 ",20 ,111 ,1 ,5 ,"1,759 ",629 ,07-08,0.52,,,
,,,,"N24'33'21.8""",,,,,,,西,"3.5,3,5",2.0,2.0,"5,480 ","33,619 ","5,898 ","4,147 ",34 ,77 ,3 ,5 ,"1,632 ",735 ,07-08,,,,
苗栗縣,Ⅱ-71,龜山橋,17K+300,"E120'49'0.6""",台6線,公館~福基派出所,17K+000~19K+053,平原區,2.1,28.6,東,"3.5,3.5,3.5",0,1.5,"17,465 ","38,020 ","18,105 ","13,875 ",260 ,408 ,2 ,186 ,"3,374 ","1,649 ",17-18,0.52,,,
,,,,"N24'32'0.5""",,,,,,,西,"3.5,3.5,3.5",0,1.5,"18,682 ","41,017 ","19,532 ","14,630 ",360 ,440 ,3 ,160 ,"3,939 ","1,750 ",11-12,,,,
苗栗縣,Ⅱ-72,南海休息站,19K+300,"E120'49'23.1""",台6線,福基派出所~公館國中,19K+053~21K+367,平原區,2.3,24.2,東,"3.5,3.5",2.0 ,1.4 ,"10,577 ","25,265 ","10,985 ","7,904 ",198 ,211 ,2 ,80 ,"2,590 ",950 ,17-18,0.51,,,
,,,,"N24'30'59.8""",,,,,,,西,"3.5,3.5",2.0 ,1.4 ,"11,221 ","26,737 ","11,625 ","8,262 ",221 ,270 ,2 ,90 ,"2,780 ","1,138 ",07-08,,,,
苗栗縣,Ⅱ-73,台蠶廠,23K+300,"E120'49'47.1""",台6線,公館國中~福德國小,21K+367~28K+038,平原區,6.7,10.6,東,3.5,0,1.7,"3,093 ","23,638 ","3,528 ","2,083 ",77 ,93 ,0 ,13 ,"1,262 ",551 ,11-12,0.52,,,
,,,,"N24'28'48.7""",,,,,,,西,3.5,0,1.7,"2,700 ","21,460 ","3,203 ","1,813 ",48 ,55 ,0 ,15 ,"1,272 ",,,,,,
苗栗縣,Ⅱ-74,竹木橋,30K+900,"E120'52'36.5""",台6線,福德國小~汶水,28K+038~31K+448,丘陵區,3.4,7.6,東,3.4,0,0.3 ,744 ,"2,873 ",845 ,353 ,50 ,8 ,0 ,0 ,434 ,154 ,13-14,0.52,,,
,,,,"N24'27'35.2""",,,,,,,西,3.4 ,0,0.3 ,646 ,"2,628 ",773 ,293 ,39 ,6 ,0 ,0 ,435 ,,,,,,
,,,,,,合計,,,31.5 ,,,,,,"107,582","383,624",,,,,,,,,,,,,
,,,,,,,,,,,,,,,,,,,,,,,,,,,,,
台中市,Ⅱ-75,勝光派出所,50K+200,"E121'20'20.3""",台7甲線,宜中縣界~梨山,45K+673~74K+217,山嶺區,28.5,5.8,北,5.0,0,0.4,735 ,"10,488 ",368 ,270 ,19 ,39 ,0 ,0 ,40 ,270 ,14-15,0.51,,,單車道雙向行駛
,,,,"N24'22'6.0""",,,,,,,南,0,0,0.4,706 ,"10,232 ",359 ,278 ,22 ,30 ,0 ,0 ,29 ,,,,,,
,,,,,,合計,,,28.5 ,,,,,,"1,441","20,720",,,,,,,,,,,,,
,,,,,,,,,,,,,,,,,,,,,,,,,,,,,
台中市,Ⅱ-76,東華國中,6K+800,E120'50'22.4'',台8線,東勢~大茅埔,0K+000~6K+900,丘陵區,6.9,10.4,東,3.6,0,1.5,"5,477 ","39,275 ","5,692 ","3,824 ",89 ,123 ,0 ,42 ,"1,614 ","1,110 ",15-16,0.50,,,
,,,,N24'12'14.6'',,,,,,,西,3.6,0,1.5,"5,640 ","39,537 ","5,730 ","3,846 ",90 ,157 ,0 ,52 ,"1,585 ",,,,,,
台中市,Ⅱ-77,南勢,16K+500,E120'53'2.5'',台8線,大茅埔~博愛,6K+900~25K+764,山嶺區,18.9,10.2,東,3.5,0,1.5,"5,124 ","58,306 ","3,085 ","2,233 ",116 ,101 ,0 ,9 ,626 ,"1,333 ",15-16,0.50,,,
,,,,N24'10'28.9'',,,,,,,西,3.5,0,1.5,"5,201 ","59,176 ","3,131 ","2,227 ",128 ,93 ,0 ,12 ,671 ,,,,,,
台中市,Ⅱ-78,谷關,33K+200,E121'00'2.3'',台8線,博愛~青山,25K+764~47K+796,山嶺區,22,8.8,東,3.6,0,0.7,"2,608 ","34,452 ","1,566 ","1,204 ",55 ,46 ,0 ,6 ,255 ,729 ,11-12,0.52,,,
,,,,N24'11'59.7'',,,,,,,西,3.6,0,0.7,"2,428 ","31,284 ","1,422 ","1,071 ",55 ,49 ,0 ,9 ,238 ,,,,,,
台中市,Ⅱ-79,佳陽,69K+000,E121'11'17.8'',台8線,青山~梨山,47K+796~81K+665,山嶺區,33.9,7.8,東,3.5,0,0.2,245 ,"4,373 ",129 ,103 ,0 ,16 ,0 ,0 ,10 ,114 ,11-12,0.61,,,
,,,,N24'15'38.9'',,,,,,,西,3.5,0,0.4,402 ,"6,780 ",200 ,163 ,0 ,27 ,0 ,2 ,8 ,,,,,,
台中市,Ⅱ-80,梨山,83K+500,E121'15'37.6'',台8線,梨山~大禹嶺,81K+665~111K+922,山嶺區,30.3,11.9,東,3.6,0,2.4,"2,187 ","42,662 ","1,408 ",790 ,13 ,83 ,0 ,0 ,522 ,404 ,13-14,0.54,,,
,,,,N24'15'25.8'',,,,,,,西,3.6,0,2.1,"1,838 ","37,027 ","1,222 ",671 ,10 ,60 ,0 ,0 ,481 ,,,,,,
,,,,,,合計,,,112.0 ,,,,,,"31,150","352,872",,,,,,,,,,,,,
,,,,,,,,,,,,,,,,,,,,,,,,,,,,,
台中市,Ⅱ-81,清水,2K+800,E120'33'42.8'',台10線,台中港~清水,0K+000~3K+200,平原區,3.2,42.2,東,"3.4,3.4,3.5",5.0,1.9,"9,646 ","29,565 ","9,239 ","6,792 ",71 ,170 ,1 ,411 ,"1,794 ","1,197 ",07-08,0.51,,,"快慢分隔,1車道"
,,,,N24'16'19.0'',,,,,,,西,"3.4,3.4,3.5",5.0,1.9,"9,508 ","27,875 ","8,711 ","6,481 ",64 ,222 ,1 ,537 ,"1,406 ","1,227 ",07-08,,,,"快慢分隔,1車道"
台中市,Ⅱ-82,台大加油站,6K+450,E120'34'54.3'',台10線,清水~西勢寮,3K+200~8K+039,丘陵區,4.8,40.3,東,"3.8,3.8,3.8",2.2,4.5,"27,678 ","125,784 ","26,205 ","21,265 ",277 ,445 ,6 ,463 ,"3,749 ","3,452 ",07-08,0.50,,,
,,,,N24'14'59.5'',,,,,,,西,"3.8,3.8,3.8",4.0,1.1,"28,197 ","127,066 ","26,472 ","21,583 ",205 ,461 ,5 ,536 ,"3,682 ","2,854 ",17-18,,,,"快慢分隔,1車道"
台中市,Ⅱ-83,香山村,11K+200,E120'37'35.2'',台10線,西勢寮~大雅,8K+039~13K+866,平原區,5.8,29.4,東,"3.5,3.5",2.0,4.8,"21,853 ","134,444 ","23,180 ","15,609 ",266 ,426 ,0 ,170 ,"6,709 ","2,530 ",07-08,0.50,,,
,,,,N24'14'32.1'',,,,,,,西,"3.5,3.5",2.2,4.2,"21,651 ","132,803 ","22,897 ","15,792 ",221 ,399 ,1 ,168 ,"6,316 ","2,215 ",07-08,,,,
台中市,Ⅱ-84,楓橋,15K+150,E120'39'22.2'',台10線,大雅~神岡,13K+866~18K+417,平原區,4.6,19,東,"3.4,3.5",0,2.5,"14,373 ","80,169 ","17,428 ","8,906 ",116 ,194 ,5 ,26 ,"8,181 ","1,496 ",07-08,0.50,,,
,,,,N24'13'48.8'',,,,,,,西,"3.4,3.5",0,2.5,"14,280 ","79,529 ","17,289 ","8,740 ",96 ,261 ,8 ,29 ,"8,155 ","1,702 ",17-18,,,,
台中市,Ⅱ-85,岸裡國小,20K+000,E120'41'47.0'',台10線,神岡~豐原,18K+417~21K+119,平原區,2.7,23.8,東,"3.5,3.5,3.2",0,0.7,"31,726 ","91,484 ","33,883 ","25,646 ",338 ,622 ,3 ,111 ,"7,163 ","2,611 ",17-18,0.51,,,
,,,,N24'14'54.6'',,,,,,,西,"3.5,3.4,3.1",0,0.8,"30,625 ","88,260 ","32,689 ","24,644 ",351 ,600 ,7 ,117 ,"6,970 ","2,933 ",07-08,,,,
,,,,,,合計,,,21.1 ,,,,,,"209,537","916,979",,,,,,,,,,,,,
,,,,,,,,,,,,,,,,,,,,,,,,,,,,,
台中市,Ⅱ-86,西勢寮,4K+500,E120'36'0.6'',台10乙線,清水~西勢寮,0K+000~5K+271,平原區,5.3,20,東,"3.3,3.5",0,1.7,"10,432 ","59,551 ","11,236 ","7,826 ",203 ,256 ,3 ,58 ,"2,890 ","1,161 ",17-18,0.57,,,
,,,,N24'15'21.6'',,,,,,,西,"3.3,5.2",0,0.2,"7,828 ","45,591 ","8,602 ","5,222 ",192 ,303 ,0 ,55 ,"2,830 ",860 ,07-08,,,,
,,,,,,合計,,,5.3 ,,,,,,"18,260","105,142",,,,,,,,,,,,,
,,,,,,,,,,,,,,,,,,,,,,,,,,,,,
台中市,Ⅱ-87,童綜合醫院,2K+000,E120'32'32.6'',台12線,台中港~沙鹿,0K+000~3K+513,平原區,3.5,44.3,東,"3.8,3.9,3.9",4.6,2.2,"13,760 ","49,091 ","14,026 ","10,777 ",236 ,210 ,2 ,151 ,"2,650 ","1,672 ",17-18,0.54,,,"快慢分隔,1車道"
,,,,N24'14'50.8'',,,,,,,西,"3.8,3.9,3.9",6.0,1.0,"15,914 ","57,092 ","16,312 ","12,491 ",218 ,185 ,2 ,183 ,"3,233 ","2,023 ",07-08,,,,"快慢分隔,1車道"
台中市,Ⅱ-88,竹林,4K+500,E120'33'53.3'',台12線,沙鹿~竹林,3K+513~4K+926,平原區,1.4,40.2,東,"3.5,3.5,3.4",4.8,1.2,"19,377 ","27,902 ","19,930 ","15,177 ",393 ,286 ,2 ,141 ,"3,931 ","2,288 ",07-08,0.51,,,"快慢分隔,1車道"
,,,,N24'14'21.5'',,,,,,,西,"3.5,3.5,3.4",4.0,2.0,"20,090 ","29,329 ","20,949 ","15,556 ",327 ,273 ,2 ,119 ,"4,672 ","2,389 ",07-08,,,,"快慢分隔,1車道"
台中市,Ⅱ-89,六路里,7K+550,E120'34'49.6'',台12線,竹林~坪頂,4K+926~11K+226,丘陵區,6.3,40.2,東,"3.7,3.7,3.1","3.2,1.7",1.0,"18,305 ","127,556 ","20,247 ","11,613 ",243 ,160 ,0 ,29 ,"8,202 ","1,842 ",07-08,0.50,,,"快慢分隔,2車道"
,,,,N24'12'57.7'',,,,,,,西,"3.7,3.7,3.1","3.2,1.7",1.0,"18,022 ","126,195 ","20,031 ","11,279 ",165 ,210 ,0 ,30 ,"8,347 ","1,572 ",17-18,,,,"快慢分隔,2車道"
台中市,Ⅱ-90,台中工業區,14K+300,E120'36'55.7'',台12線,坪頂~台中交流道,11K+226~16K+223,丘陵區,5,40.2,東,"3.8,3.7,3.2",5.5,0.7,"37,714 ","203,485 ","40,697 ","24,883 ",612 ,415 ,5 ,94 ,"14,688 ","2,891 ",07-08,0.52,,,"快慢分隔,1車道"
,,,,N24'10'58.2'',,,,,,,西,"3.7,3.7,3.1",5.7,0.7,"40,490 ","218,315 ","43,663 ","26,489 ",642 ,609 ,1 ,81 ,"15,841 ","3,186 ",17-18,,,,"快慢分隔,1車道"
台中市,Ⅱ-91,文心路口,18K+600,E120'39'0.3'',台12線,台中交流道~台1乙線交岔路口,16K+223~21K+512,平原區,5.3,50,東,"3.1,3.1,3.1,3.1","3.0,3.0",0.8,"53,509 ","308,741 ","58,253 ","38,876 ","1,139 ",154 ,0 ,15 ,"18,069 ","3,996 ",17-18,0.51,,,"快慢分隔,2車道"
,,,,N24'09'44.0'',,,,,,,西,"3.1,3.1,3.1,3.1","3.0,3.0",0.8,"55,273 ","322,611 ","60,870 ","38,406 ","1,229 ",175 ,0 ,8 ,"21,052 ","4,125 ",07-08,,,,"快慢分隔,2車道"
台中市,Ⅱ-92,三民路口,22K+350,E120'40'46.3'',台12線,台1乙線交岔路口~台中火車站,21K+512~23K+193,平原區,1.7,19.6,東,"3.3,4.0",0,2.2,"13,754 ","28,827 ","16,957 ","8,019 ",368 ,45 ,0 ,0 ,"8,525 ","1,078 ",17-18,0.60,,,
,,,,N24'08'32.2'',,,,,,,西,"3.3,3.5",0,3.1,"20,934 ","43,391 ","25,524 ","11,614 ","1,034 ",45 ,0 ,1 ,"12,830 ","1,623 ",17-18,,,,
,,,,,,合計,,,23.2 ,,,,,,"327,142","1,542,535",,,,,,,,,,,,,
,,,,,,,,,,,,,,,,,,,,,,,,,,,,,
苗栗縣,Ⅱ-93,大埔橋,4K+800,"E120'53'44.1""",台13線,竹苗縣界~大埔,0K+699~5K+000,平原區,4.3,22.8,北,"3.5,4.5",0,2.2,"8,657 ","41,848 ","9,732 ","6,026 ",112 ,207 ,11 ,39 ,"3,337 ","1,563 ",07-08,0.50,,,
,,,,"N24'42'30.4""",,,,,,,南,"3.5,4.5",0,2.2,"8,730 ","41,998 ","9,767 ","6,050 ",113 ,226 ,15 ,45 ,"3,318 ","1,011 ",17-18,,,,
苗栗縣,Ⅱ-94,竹南運動公園,7K+500,"E120'53'7.5""",台13線,大埔~竹南,5K+000~8K+281,平原區,3.3,22.2,北,"3.5,4.5",0,1.6,"8,661 ","32,188 ","9,754 ","6,263 ",36 ,197 ,2 ,37 ,"3,219 ","1,056 ",07-08,0.51,,,
,,,,"N24'41'22.8""",,,,,,,南,"3.5,4.5",0,1.6,"8,261 ","30,376 ","9,205 ","6,083 ",47 ,211 ,1 ,29 ,"2,834 ","1,017 ",07-08,,,,
苗栗縣,Ⅱ-95,中港溪橋,10K+000,"E120'52'54.1""",台13線,竹南~尖山國小,8K+281~11K+828,平原區,3.5,15.8,北,"3.4,4.0",0,0.4 ,"3,395 ","13,041 ","3,726 ","2,150 ",168 ,98 ,0 ,25 ,"1,285 ",551 ,07-08,0.78,,,
,,,,"N24'40'1.1""",,,,,,,南,"3.4,4.0",0,0.4 ,"11,233 ","47,086 ","13,453 ","6,989 ",180 ,128 ,1 ,36 ,"6,119 ","1,080 ",07-08,,,,
苗栗縣,Ⅱ-96,尖豐橋,13K+300,"E120'52'58.0""",台13線,尖山國小~大坪,11K+828~15K+674,平原區,3.8,18.4,北,"3.5,4.0",0,1.6,"5,249 ","22,678 ","5,968 ","3,637 ",97 ,70 ,0 ,26 ,"2,138 ",792 ,07-08,0.52,,,
,,,,"N24'38'24.8""",,,,,,,南,"3.5,4.0",0,1.6,"4,884 ","21,208 ","5,581 ","3,390 ",83 ,62 ,0 ,20 ,"2,026 ",470 ,17-18,,,,
苗栗縣,Ⅱ-97,老田寮橋,21K+200,"E120'52'51.8""",台13線,大坪~頭屋,15K+674~23K+397,平原區,7.7,14.8,北,3.8,0,3.0,"3,699 ","29,722 ","3,860 ","2,767 ",142 ,93 ,0 ,13 ,845 ,704 ,15-16,0.51,,,
,,,,"N24'35'8.0""",,,,,,,南,4.0,0,3.8,"3,474 ","28,682 ","3,725 ","2,639 ",82 ,79 ,0 ,20 ,905 ,,,,,,
苗栗縣,Ⅱ-98,頭屋大橋,25K+400,"E120'50'41.2""",台13線,頭屋~苗栗,23K+397~31K+370,平原區,8,14.8,北,"3.3,3.3",0,0.4,"9,993 ","86,544 ","10,818 ","8,006 ",106 ,176 ,1 ,18 ,"2,511 ","1,195 ",07-08,0.50,,,分離2車道
,,,,"N24'34'28.9""",,,,,,,南,"3.3,3.3",0,0.4,"10,027 ","87,776 ","10,972 ","7,904 ",139 ,125 ,0 ,18 ,"2,786 ",975 ,17-18,,,,分離2車道
苗栗縣,Ⅱ-99,陽明山莊,33K+000,"E120'48'26.3""",台13線,苗栗~三座厝,31K+370~37K+445,平原區,6.1,18,北,"3.5,3.5",0,1.9,"5,158 ","36,386 ","5,965 ","3,676 ",55 ,57 ,0 ,3 ,"2,174 ",542 ,17-18,0.51,,,
,,,,"N24'32'8.1""",,,,,,,南,"3.5,3.5",0,1.9,"4,932 ","34,929 ","5,726 ","3,410 ",76 ,58 ,0 ,5 ,"2,177 ",544 ,07-08,,,,
苗栗縣,Ⅱ-I00,銅鑼外環道,38K+000,"E120'46'57.4""",台13線,三座厝~銅鑼,37K+445~38K+144,平原區,0.7,20,北,"3.5,3.5",0,1.5,"2,411 ","1,844 ","2,634 ","1,866 ",11 ,49 ,0 ,12 ,696 ,286 ,17-18,0.52,,,
,,,,"N24'29'58.6""",,,,,,,南,"3.5,3.5",0,1.5,"2,592 ","2,008 ","2,868 ","1,902 ",6 ,49 ,0 ,25 ,886 ,293 ,07-08,,,,
苗栗縣,Ⅱ-I01,三義礦業,43K+900,"E120'46'45.1""",台13線,銅鑼~三義,38K+144~46K+906,丘陵區,8.8,10.6,北,3.7 ,0,1.5,"4,896 ","43,208 ","4,910 ","3,734 ",73 ,108 ,0 ,27 ,968 ,957 ,14-15,0.51,,,
,,,,"N24'26'49.7""",,,,,,,南,3.7 ,0,1.5,"4,773 ","41,774 ","4,747 ","3,423 ",66 ,119 ,1 ,49 ,"1,089 ",,,,,,
苗栗縣,Ⅱ-I02,三義二橋,47K+800,"E120'46'17.0""",台13線,三義~三義交流道,46K+906~50K+000,丘陵區,3.1,13.8,北,3.5,0,3.8,"8,326 ","29,233 ","9,430 ","5,736 ",64 ,136 ,0 ,54 ,"3,440 ","1,483 ",07-08,0.50,,,
,,,,"N24'24'45.1""",,,,,,,南,3.5,0,2.6,"8,285 ","29,149 ","9,403 ","5,723 ",52 ,145 ,1 ,50 ,"3,432 ",,,,,,
苗栗縣,Ⅱ-I03,三義交流道,50K+300,"E120'45'30.0""",台13線,三義交流道~伯公坑,50K+000~54K+068,丘陵區,4.1,20.2,北,"3.6,3.6",0,2.8,"8,910 ","36,843 ","8,986 ","7,321 ",92 ,163 ,0 ,53 ,"1,357 ","1,130 ",11-12,0.50,,,
,,,,"N24'23'40.9""",,,,,,,南,"3.6,3.6",0,2.8,"8,677 ","36,691 ","8,949 ","6,847 ",74 ,150 ,1 ,57 ,"1,820 ","1,137 ",07-08,,,,
苗栗縣,Ⅱ-I04,新義里大橋,56K+100,"E120'44'3.7""",台13線,伯公坑~苗中縣界,54K+068~57K+021,丘陵區,3,18.4,北,"3.4,3.4",0,1.5,"6,015 ","17,439 ","5,813 ","4,351 ",40 ,164 ,0 ,114 ,"1,144 ",604 ,07-08,0.50,,,
,,,,"N24'20'59.1""",,,,,,,南,"3.4,3.4",0,1.5,"6,049 ","17,553 ","5,851 ","4,347 ",52 ,183 ,1 ,106 ,"1,162 ",648 ,17-18,,,,
台中市,Ⅱ-I05,后豐大橋,64K+200,E120'43'20.9'',台13線,苗中縣界~大湳,57K+021~65K+891,丘陵區,8.9,40.5,北,"3.4,3.5,3.4",3.7,0.6,"25,377 ","225,010 ","25,282 ","15,109 ",191 ,579 ,5 ,494 ,"8,904 ","3,327 ",07-08,0.51,,,
,,,,N24'17'1.9'',,,,,,,南,"3.5,3.5,3.5,3.5,4.4",2.7,2.3,"26,214 ","232,370 ","26,109 ","15,999 ",206 ,514 ,8 ,504 ,"8,878 ","2,994 ",07-08,,,,
台中市,Ⅱ-I06,豐原,66K+000,E120'43'14.1'',台13線,大湳~豐原,65K+891~69K+609,平原區,3.7,18.4,北,"3.4,3.5",0,2.2,"17,393 ","76,620 ","20,708 ","11,129 ",246 ,240 ,1 ,32 ,"9,060 ","2,124 ",07-08,0.50,,,
,,,,N24'16'2.1'',,,,,,,南,"3.4,3.5",0,2.2,"17,607 ","76,520 ","20,681 ","11,698 ",180 ,282 ,1 ,42 ,"8,478 ","1,848 ",18-19,,,,
,,,,,,合計,,,69.0 ,,,,,,"243,878","1,420,724",,,,,,,,,,,,,
,,,,,,,,,,,,,,,,,,,,,,,,,,,,,
苗栗縣,Ⅱ-I07,竹南國中,1K+100,"E120'52'35.4""",台13甲線,竹南~竹南真如路,0K+000~2K+457,平原區,2.5,30,北,"3.5,3.5",2.0 ,4.3 ,"10,730 ","28,585 ","11,434 ","8,455 ",35 ,138 ,0 ,22 ,"2,784 ","1,290 ",07-08,0.52,,,
,,,,"N24'41'33.9""",,,,,,,南,"3.5,3.5",2.0,4.3,"9,882 ","26,158 ","10,463 ","7,954 ",40 ,134 ,0 ,14 ,"2,321 ","1,206 ",17-18,,,,
苗栗縣,Ⅱ-I08,德照橋,4K+800,"E120'52'0.4""",台13甲線,竹南真如路~談文,2K+457~5K+300,平原區,2.8,19.2,北,"3.5,3.5",0,1.8,"6,511 ","18,497 ","6,606 ","4,690 ",58 ,213 ,5 ,173 ,"1,467 ",809 ,07-08,0.51,,,
,,,,"N24'39'44.5""",,,,,,,南,"3.5,3.5",0,1.8,"6,460 ","18,889 ","6,746 ","4,797 ",44 ,208 ,2 ,109 ,"1,586 ",759 ,07-08,,,,
苗栗縣,Ⅱ-I09,造橋加油站,8K+700,"E120'52'18.3""",台13甲線,談文~豐富,5K+300~11K+452,平原區,6.2,16.8,北,"3.5,3.5",0,1.0 ,"8,156 ","52,818 ","8,519 ","6,229 ",75 ,150 ,4 ,142 ,"1,919 ","1,102 ",07-08,0.51,,,
,,,,"N24'37'51.3""",,,,,,,南,"3.5,3.5",0,1.6 ,"8,496 ","55,633 ","8,973 ","6,595 ",71 ,153 ,2 ,111 ,"2,041 ",926 ,17-18,,,,
苗栗縣,Ⅱ-I10,北勢,13K+400,"E120'49'42.6""",台13甲線,豐富~北勢,11K+452~14K+812,平原區,3.4,14.4,北,"3.2,3.2",0,0.6,"9,437 ","33,823 ","9,948 ","7,129 ",121 ,227 ,4 ,122 ,"2,345 ","1,155 ",07-08,0.52,,,
,,,,"N24'35'58.6""",,,,,,,南,"3.3,3.3",0,0.6,"10,334 ","37,179 ","10,935 ","7,952 ",168 ,177 ,2 ,115 ,"2,521 ","1,032 ",17-18,,,,
,,,,,,合計,,,14.9 ,,,,,,"70,006","271,582",,,,,,,,,,,,,
,,,,,,,,,,,,,,,,,,,,,,,,,,,,,
彰化縣,Ⅱ-I11,大竹橋,1K+200,"E120'34'38.2""",台14線,彰化~台14丙線交岔路口,0K+000~4K+120,平原區,4.1,25.2,東,"3.4,3.3",2.0,3.6,"20,574 ","96,350 ","23,500 ","12,935 ",109 ,128 ,0 ,23 ,"10,305 ","1,800 ",17-18,0.50,,,
,,,,"N24'05'8.1""",,,,,,,西,"3.4,3.3",2.0,2.1,"20,637 ","96,891 ","23,632 ","12,933 ",109 ,110 ,0 ,17 ,"10,463 ","1,868 ",17-18,,,,
彰化縣,Ⅱ-I12,上快官橋,6K+950,"E120'37'6.3""",台14線,台14丙線交岔路口~社口,4K+120~11K+890,平原區,7.8,25.2,東,"3.5,3.5",2.0,3.4,"7,311 ","57,775 ","7,407 ","5,091 ",101 ,131 ,2 ,177 ,"1,905 ",813 ,17-18,0.51,36 ,145 ,"（平日）自行車車輛數(輛/日)：36
（假日）自行車車輛數(輛/日)：145"
,,,,"N24'03'30.9""",,,,,,,西,"3.5,3.5",2.0,2.1,"7,649 ","59,912 ","7,681 ","5,312 ",167 ,143 ,0 ,187 ,"1,872 ","1,039 ",07-08,,45 ,202 ,"（平日）自行車車輛數(輛/日)：45
（假日）自行車車輛數(輛/日)：202"
南投縣,Ⅱ-I13,芬草橋,14K+450,"E120'38'58.8""",台14線,社口~草屯交流道,11K+890~15K+000,平原區,3.1,26.4,東,"3.6,3.8",2.6,2.4,"8,466 ","26,706 ","8,615 ","6,485 ",210 ,204 ,2 ,67 ,"1,647 ",825 ,07-08,0.50,,,
,,,,"N24'00'28.7""",,,,,,,西,"3.6,3.6",2.6,2.4,"8,516 ","26,868 ","8,667 ","6,597 ",208 ,170 ,3 ,70 ,"1,619 ",844 ,17-18,,,,
南投縣,Ⅱ-I14,草屯交流道,15K+800,"E120'39'32.3""",台14線,草屯交流道~台63線交岔路口,15K+000~16K+500,平原區,1.5,26.4,東,"3.6,3.5",2.6,2.4,"14,308 ","21,900 ","14,600 ","11,490 ",238 ,336 ,0 ,79 ,"2,457 ","1,411 ",17-18,0.51,,,
,,,,"N23'59'59.0""",,,,,,,西,"3.6,3.6",2.6,2.4,"13,745 ","20,829 ","13,886 ","10,833 ",306 ,366 ,2 ,101 ,"2,278 ","1,403 ",07-08,,,,
南投縣,Ⅱ-I15,新庄橋,16K+800,"E120'39'58.5""",台14線,台63線交岔路口~草屯,16K+500~19K+440,平原區,2.9,25.5,東,"3.6,3.5",2.6,2.4,"10,091 ","30,876 ","10,647 ","7,830 ",130 ,191 ,0 ,14 ,"2,482 ",851 ,17-18,0.51,,,
,,,,"N23'59'35.6""",,,,,,,西,"3.6,3.5",2.6,2.4,"9,825 ","29,780 ","10,269 ","7,685 ",136 ,180 ,2 ,32 ,"2,234 ",900 ,16-17,,,,
南投縣,Ⅱ-I16,南埔,23K+350,"E120'43'22.3""",台14線,草屯~土城,19K+440~26K+526,平原區,7.1,18.2,東,"3.5,3.5",0,2.0,"6,916 ","52,370 ","7,376 ","5,375 ",180 ,131 ,2 ,23 ,"1,665 ",675 ,07-08,0.52,,,
,,,,"N23'58'46.8""",,,,,,,西,"3.5,3.5",0,2.0,"6,564 ","49,238 ","6,935 ","5,063 ",177 ,184 ,4 ,18 ,"1,489 ",835 ,16-17,,,,
南投縣,Ⅱ-I17,雙冬橋,29K+500,"E120'46'47.5""",台14線,土城~雙冬,26K+526~30K+083,丘陵區,3.6,15.8,東,"3.4,3.7",0,0.6,"3,616 ","13,586 ","3,774 ","2,417 ",145 ,64 ,1 ,20 ,"1,127 ",368 ,17-18,0.51,10 ,59 ,自行車車輛數(輛/日)：35
,,,,"N23'59'0.5""",,,,,,,西,"3.4,4.1",0,0.4,"3,877 ","14,234 ","3,954 ","2,489 ",164 ,124 ,6 ,18 ,"1,153 ",763 ,16-17,,15 ,59 ,自行車車輛數(輛/日)：37
南投縣,Ⅱ-I18,國姓交流道,35K+800,"E120'49'12.6""",台14線,雙冬~龜溝,30K+083~37K+011,丘陵區,6.9,20.4,東,"3.5,3.5",0,2.5,"5,322 ","37,536 ","5,440 ","4,110 ",162 ,80 ,0 ,17 ,"1,071 ",597 ,12-13,0.51,,,
,,,,"N24'00'55.8""",,,,,,,西,"3.5,3.5",0,2.0,"5,134 ","36,191 ","5,245 ","3,937 ",204 ,62 ,1 ,8 ,"1,033 ","1,030 ",17-18,,,,
南投縣,Ⅱ-I19,國姓鄉,39K+500,"E120'50'47.3""",台14線,龜溝~北山坑,37K+011~44K+000,丘陵區,7,16,東,"3.6,3.3",0,1.0,"3,138 ","23,212 ","3,316 ","2,049 ",111 ,89 ,0 ,11 ,"1,056 ",402 ,09-10,0.52,,,
,,,,"N24'01'14.2""",,,,,,,西,"3.6,3.3",0,0.9,"3,308 ","24,738 ","3,534 ","2,198 ",117 ,94 ,0 ,3 ,"1,122 ",582 ,16-17,,,,
南投縣,Ⅱ-I20,大石村,44K+300,"E120'51'47.5""",台14線,北山坑~南平山,44K+000~50K+558,丘陵區,6.6,17.9,東,"3.6,3.6",0,0.8,"3,263 ","22,427 ","3,398 ","2,087 ",171 ,76 ,0 ,10 ,"1,054 ",396 ,10-11,0.53,,,
,,,,"N23'59'6.5""",,,,,,,西,"3.6,3.6",0,0.8,"2,821 ","19,833 ","3,005 ","1,913 ",110 ,55 ,0 ,5 ,922 ,483 ,16-17,,,,
南投縣,Ⅱ-I21,里程牌,51K+400,"E120'55'28.4""",台14線,南平山~國道六號愛蘭交流道,50K+558~51K+700,丘陵區,1.1,18.6,東,"3.5,3.7",0,1.2,"4,138 ","4,583 ","4,166 ","2,639 ",160 ,124 ,1 ,41 ,"1,201 ",456 ,11-12,0.50,,,
,,,,"N23'58'28.4""",,,,,,,西,"3.5,3.5",0,1.3,"4,123 ","4,604 ","4,185 ","2,570 ",155 ,108 ,2 ,47 ,"1,303 ",671 ,16-17,,,,
南投縣,Ⅱ-I22,里程牌,51K+800,"E120'55'39.4""",台14線,國道六號愛蘭交流道~埔里,51K+700~57K+390,丘陵區,5.7,18.2,東,"3.5,3.5",0,0.2,"13,518 ","72,173 ","12,662 ","10,601 ",539 ,262 ,22 ,105 ,"1,133 ","1,881 ",11-12,0.51,17 ,82 ,自行車車輛數(輛/日)；50
,,,,"N23'58'18.0""",,,,,,,西,"3.5,3.5",0,0.5,"12,858 ","68,913 ","12,090 ","9,968 ",542 ,236 ,21 ,99 ,"1,224 ","2,090 ",15-16,,18 ,45 ,自行車車輛數(輛/日)；32
南投縣,Ⅱ-I23,里程牌,59K+050,"E120'59'24.8""",台14線,埔里~國道六號霧社交流道,57K+390~59K+150,山嶺區,1.8,14.8,東,"3.2,3.4",0,0.7,"10,975 ","13,230 ","7,350 ","5,329 ",98 ,156 ,12 ,21 ,"1,734 ","1,317 ",07-08,0.50,,,
,,,,"N23'58'40.8""",,,,,,,西,"3.3,3.4",0,0.6,"10,982 ","13,284 ","7,380 ","5,313 ",83 ,192 ,2 ,18 ,"1,772 ","1,244 ",17-18,,,,
南投縣,Ⅱ-I24,埔里榮民醫院,59K+550,"E120'59'42.3""",台14線,國道六號霧社交流道~霧社,59K+150~80K+374,山嶺區,21.2,15.3,東,"3.2,3.2",0,1.0,"13,049 ","171,190 ","8,075 ","6,120 ",132 ,242 ,17 ,115 ,"1,449 ","1,592 ",10-11,0.50,,,
,,,,"N23'58'43.8""",,,,,,,西,"3.5,3.5",0,0.7,"12,546 ","169,091 ","7,976 ","6,164 ",124 ,192 ,0 ,90 ,"1,406 ","2,004 ",16-17,,,,
南投縣,Ⅱ-I25,春陽村,82K+900,"E121'09'0.8""",台14線,霧社~廬山,80K+374~99K+021,山嶺區,18.6,9.2,東,4.0,0,0.6,"1,870 ","24,496 ","1,317 ",850 ,26 ,6 ,0 ,0 ,435 ,438 ,12-13,0.50,,,
,,,,"N24'01'37.3""",,,,,,,西,3.5,0,0.9,"1,908 ","24,905 ","1,339 ",914 ,17 ,11 ,0 ,0 ,397 ,,,,,,
,,,,,,合計,,,99.0 ,,,,,,"251,048","1,327,721",,,,,,,,,,,,,
,,,,,,,,,,,,,,,,,,,,,,,,,,,,,
南投縣,Ⅱ-I26,幼獅定遠新村,7K+600,"E121'09'25.4""",台14甲線,霧社~松雪樓,0K+000~32K+975,山嶺區,33,7,東,3.0,0,0.4,"7,045 ","146,091 ","4,427 ","3,763 ",93 ,91 ,0 ,0 ,480 ,"2,063 ",12-13,0.52,,,
,,,,"N24'02'39.7""",,,,,,,西,2.8,0,0.6,"6,493 ","136,620 ","4,140 ","3,530 ",80 ,67 ,0 ,0 ,463 ,,,,,,
,,,,,,合計,,,33.0 ,,,,,,"13,538","282,711",,,,,,,,,,,,,
,,,,,,,,,,,,,,,,,,,,,,,,,,,,,
南投縣,Ⅱ-I27,碧興橋,4K+050,"E120'39'12.0""",台14乙線,芬園~台76線交岔路口,0K+000~6K+900,平原區,6.9,25.2,東,"3.6,4.1",2.1,1.5,"8,020 ","58,077 ","8,417 ","6,287 ",45 ,170 ,0 ,30 ,"1,885 ","1,072 ",07-08,0.52,,,
,,,,"N23'58'46.9""",,,,,,,西,"3.7,3.7,3.6",0,0.5,"7,031 ","52,820 ","7,655 ","5,421 ",36 ,183 ,0 ,30 ,"1,985 ",924 ,07-08,,,,
南投縣,Ⅱ-I28,阿法庄,7K+200,"E120'39'40.8""",台14乙線,台76線交岔路口~阿法庄,6K+900~7K+469,平原區,0.6,27.2,東,"3.6,3.5",2.1,3.2,"8,637 ","5,173 ","8,621 ","7,288 ",24 ,311 ,1 ,63 ,934 ,"1,031 ",07-08,0.52,,,
,,,,"N23'57'14.3""",,,,,,,西,"3.6,3.5",2.0,3.0,"7,910 ","4,703 ","7,839 ","6,286 ",44 ,340 ,0 ,100 ,"1,069 ",879 ,17-18,,,,
南投縣,Ⅱ-I29,內轆橋,12K+500,"E120'41'49.1""",台14乙線,阿法庄~內興,7K+469~14K+006,平原區,6.5,12,東,4.1,0,1.8,"8,394 ","64,259 ","9,886 ","6,175 ",184 ,55 ,0 ,2 ,"3,470 ","1,474 ",17-18,0.51,,,
,,,,"N23'56'32.2""",,,,,,,西,4.1,0,1.8,"7,933 ","61,588 ","9,475 ","5,723 ",183 ,38 ,0 ,1 ,"3,530 ",,,,,,
南投縣,Ⅱ-I30,軍功橋,16K+400,"E120'41'40.5""",台14乙線,內興~南投,14K+006~18K+029,平原區,4,23,東,"3.5,3.5",2.0,2.4,"9,905 ","43,508 ","10,877 ","6,869 ",190 ,91 ,0 ,2 ,"3,725 ","1,023 ",07-08,0.51,,,
,,,,"N23'54'43.0""",,,,,,,西,"3.5,3.5",2.0,2.4,"10,451 ","45,640 ","11,410 ","7,341 ",218 ,100 ,0 ,3 ,"3,748 ","1,049 ",17-18,,,,
,,,,,,合計,,,18.0 ,,,,,,"68,281","335,768",,,,,,,,,,,,,
,,,,,,,,,,,,,,,,,,,,,,,,,,,,,
彰化縣,Ⅱ-I31,里程牌,1K+550,"E120'35'38.9""",台14丙線,台1丙線交岔路口~台74甲線交岔路口,0K+000~1K+991,平原區,2,24.2,東,"3.5,3.5",1.9,2.8,"12,670 ","25,522 ","12,761 ","9,891 ",44 ,501 ,3 ,142 ,"2,180 ","1,350 ",07-08,0.50,,,
,,,,"N24'05'16.2""",,,,,,,西,"3.5,3.5",1.9,2.8,"12,399 ","25,072 ","12,536 ","9,833 ",37 ,401 ,3 ,137 ,"2,125 ","1,299 ",17-18,,,,
彰化縣,Ⅱ-I32,里程牌,2K+150,"E120'35'59.9""",台14丙線,台74甲線交岔路口~外快官,1K+991~3K+042,平原區,1.1,25.8,東,"3.5,3.5",2.0,2.8,"7,580 ","8,148 ","7,407 ","5,529 ",57 ,305 ,3 ,191 ,"1,322 ",854 ,17-18,0.50,,,
,,,,"N24'05'4.2""",,,,,,,西,"3.5,3.5,3.3",0,1.8,"7,540 ","8,238 ","7,489 ","5,636 ",49 ,305 ,5 ,192 ,"1,302 ","1,058 ",07-08,,,,
,,,,,,合計,,,3.1 ,,,,,,"40,189","66,980",,,,,,,,,,,,,
,,,,,,,,,,,,,,,,,,,,,,,,,,,,,
南投縣,Ⅱ-I33,土豆寮橋,0K+210,"E120'37'54.6""",台14丁線,芬園~縣庄,0K+000~3K+500,平原區,3.5,23,東,"3.3,3.3",2.0,1.2,"1,180 ","4,557 ","1,302 ",786 ,3 ,32 ,0 ,2 ,479 ,184 ,07-08,0.55,,,
,,,,"N24'00'43.9""",,,,,,,西,"3.3,3.3",2.0,1.2,"1,430 ","5,558 ","1,588 ",992 ,3 ,20 ,1 ,0 ,572 ,184 ,17-18,,,,
南投縣,Ⅱ-I34,寶山國小,3K+800,"E120'38'34.5""",台14丁線,縣庄~苦苓腳,3K+500~10K+051,平原區,6.6,14.1,東,3.6,1.6,2.1,"2,585 ","20,374 ","3,087 ","1,888 ",13 ,47 ,0 ,3 ,"1,136 ",677 ,07-08,0.51,,,
,,,,"N23'59'4.4""",,,,,,,西,3.6,1.6,1.4,"2,506 ","19,589 ","2,968 ","1,827 ",29 ,38 ,1 ,2 ,"1,071 ",,,,,,
,,,,,,合計,,,10.1 ,,,,,,"7,701","50,078",,,,,,,,,,,,,
,,,,,,,,,,,,,,,,,,,,,,,,,,,,,
南投縣,Ⅱ-I35,隘寮二號橋,2K+900,"E120'44'7.0""",台16線,名間~集集,0K+000~6K+881,丘陵區,6.9,20.1,東,"3.7,3.8",0,1.1,"9,005 ","53,579 ","7,765 ","6,504 ",125 ,131 ,0 ,315 ,690 ,861 ,10-11,0.50,,,
,,,,"N23'49'59.6""",,,,,,,西,"3.7,3.5",0,1.5,"8,870 ","52,882 ","7,664 ","6,434 ",177 ,140 ,0 ,285 ,628 ,"1,282 ",16-17,,,,
南投縣,Ⅱ-I36,集集,9K+200,"E120'47'37.0""",台16線,集集~頂崁,6K+881~24K+370,丘陵區,17.5,23.3,東,"3.5,4.5",0,2.2,"9,331 ","135,135 ","7,722 ","6,375 ",157 ,148 ,0 ,391 ,651 ,936 ,11-12,0.51,13 ,43 ,自行車車輛數(輛/日)：28
,,,,"N23'49'17.2""",,,,,,,西,"3.5,4.5",0,2.5,"8,863 ","129,098 ","7,377 ","6,173 ",199 ,125 ,0 ,344 ,536 ,"1,272 ",16-17,,21 ,74 ,自行車車輛數(輛/日)：48
南投縣,Ⅱ-I37,民和,26K+800,"E120'55'21.1""",台16線,頂崁~合流坪,24K+370~40K+791,丘陵區,16.4,7.9,東,3.3,0,0.6,"1,094 ","20,500 ","1,250 ",873 ,5 ,8 ,0 ,0 ,364 ,201 ,14-15,0.54,,,
,,,,"N23'47'50.0""",,,,,,,西,3.2,0,0.6,941 ,"17,679 ","1,078 ",748 ,5 ,6 ,0 ,0 ,319 ,,,,,,
,,,,,,合計,,,40.8 ,,,,,,"38,104","408,873",,,,,,,,,,,,,
,,,,,,,,,,,,,,,,,,,,,,,,,,,,,
台中市,Ⅱ-I38,鎮平橋,4K+550,E120'33'12.6'',台17線,甲南~清水,0K+000~6K+967,平原區,7,34.2,北,"3.7,3.9",4.7,1.0,"14,168 ","67,543 ","9,649 ","6,167 ",102 ,482 ,17 ,"2,199 ",682 ,"1,221 ",10-11,0.52,,,
,,,,N24'17'39.7'',,,,,,,南,"4.2,3.9",4.5,1.1,"15,314 ","72,422 ","10,346 ","6,580 ",108 ,567 ,41 ,"2,375 ",675 ,"1,486 ",07-08,,,,
台中市,Ⅱ-I39,台中港,8K+450,E120'31'51.2'',台17線,清水~梧棲,6K+967~10K+201,平原區,3.2,40.2,北,"3.6,3.6,3.7",4.7,1.0,"8,812 ","17,488 ","5,465 ","2,934 ",54 ,186 ,5 ,"1,697 ",589 ,984 ,10-11,0.54,,,"快慢分隔,1車道"
,,,,N24'16'8.0'',,,,,,,南,"3.6,3.6,3.7",4.7,1.0,"7,558 ","15,107 ","4,721 ","2,594 ",57 ,140 ,4 ,"1,438 ",488 ,917 ,10-11,,,,"快慢分隔,1車道"
台中市,Ⅱ-I40,臨港一號橋,13K+050,E120'30'50.6,台17線,梧棲~臨港二號橋,10K+201~15K+457,平原區,5.3,38.6,北,"3.8,3.8,3.9",3.6,0.6,"11,385 ","38,372 ","7,240 ","3,291 ",17 ,268 ,20 ,"2,198 ","1,446 ","1,383 ",16-17,0.59,23 ,24 ,"快慢分隔,1車道；
（平日）自行車車輛數(輛/日)：23
（假日）自行車車輛數(輛/日)：24"
,,,,N24'13'47.4'',,,,,,,南,"3.7,3.7,4.1",3.8,1.2,"7,931 ","26,267 ","4,956 ","2,475 ",6 ,221 ,28 ,"1,510 ",716 ,756 ,08-09,,14 ,29 ,"快慢分隔,1車道；
（平日）自行車車輛數(輛/日)：14
（假日）自行車車輛數(輛/日)：29"
台中市,Ⅱ-I41,中彰大橋,18K+000,E120'30'37.0'',台17線,臨港二號橋~中彰縣界,15K+457~18K+956,平原區,3.5,14,北,4.0,2.5,0.2,"11,234 ","27,216 ","7,776 ","4,256 ",10 ,252 ,10 ,"1,920 ","1,328 ","2,160 ",07-08,0.52,,,
,,,,N24'11'34.6'',,,,,,,南,4.0,2.5,0.2,"9,891 ","25,256 ","7,216 ","4,074 ",14 ,298 ,16 ,"1,495 ","1,319 ",,,,,,
彰化縣,Ⅱ-I42,里程牌,20K+900,"E120'29'37.1""",台17線,中彰縣界~134線交岔路口,18K+956~21K+708,平原區,2.8,20.9,北,"3.5,3.5",0,3.5,"4,322 ","12,748 ","4,553 ","2,675 ",11 ,158 ,8 ,145 ,"1,556 ",519 ,07-08,0.50,,,
,,,,"N24'10'17.2""",,,,,,,南,"3.5,3.5",0,3.2,"4,461 ","12,720 ","4,543 ","2,555 ",13 ,134 ,13 ,229 ,"1,599 ",524 ,17-18,,,,
彰化縣,Ⅱ-I43,番雅溝橋,28K+000,"E120'27'25.9""",台17線,134線交岔路口~草港,21K+708~28K+696,平原區,7,17.7,北,"3.5,3.5",0,0.9,"4,355 ","35,014 ","5,002 ","2,891 ",43 ,138 ,0 ,14 ,"1,916 ",612 ,07-08,0.51,21 ,31 ,"（平日）自行車車輛數(輛/日)：21
（假日）自行車車輛數(輛/日)：31"
,,,,"N24'07'10.7""",,,,,,,南,"3.5,3.5",0,0.9,"4,527 ","35,742 ","5,106 ","3,046 ",35 ,170 ,0 ,25 ,"1,830 ",667 ,07-08,,28 ,44 ,"（平日）自行車車輛數(輛/日)：28
（假日）自行車車輛數(輛/日)：44"
彰化縣,Ⅱ-I44,里程牌,34K+600,"E120'26'02""",台17線,草港~鹿港,28K+696~38K+300,平原區,9.6,31.8,北,"3.5,3.5",1.8,2.0,"7,715 ","79,459 ","8,277 ","5,248 ",17 ,243 ,0 ,60 ,"2,709 ","1,213 ",17-18,0.53,,,
,,,,"N24'04'15.2""",,,,,,,南,"3.5,3.5",1.8,2.0,"8,470 ","89,126 ","9,284 ","5,472 ",14 ,231 ,1 ,57 ,"3,509 ","2,309 ",07-08,,,,
彰化縣,Ⅱ-I45,鹿港,39K+050,"E120'25'7.6""",台17線,鹿港~漢寶,38K+300~44K+714,平原區,6.4,18.7,北,"3.6,3.5",0,1.2,"4,971 ","34,643 ","5,413 ","3,191 ",8 ,277 ,4 ,75 ,"1,858 ","1,166 ",07-08,0.57,,,
,,,,"N24'03'17.0""",,,,,,,南,"3.6,3.5",0,1.2,"3,984 ","26,362 ","4,119 ","2,686 ",7 ,250 ,2 ,84 ,"1,090 ",400 ,08-09,,,,
彰化縣,Ⅱ-I46,里程牌,45K+500,"E120'23'6.2""",台17線,漢寶~王功,44K+714~51K+830,平原區,7.1,19.6,北,"3.5,3.6",0,1.8,"2,229 ","17,288 ","2,435 ","1,562 ",12 ,67 ,1 ,29 ,764 ,285 ,07-08,0.51,,,
,,,,"N24'00'44.9""",,,,,,,南,"3.5,3.6",0,1.6,"2,376 ","18,062 ","2,544 ","1,707 ",13 ,68 ,0 ,39 ,717 ,260 ,17-18,,,,
彰化縣,Ⅱ-I47,里程牌,58K+000,"E120'19'18.4""",台17線,王功~西港,51K+830~64K+000,平原區,12.2,25,北,"3.5,3.7",2.0,2.1,"6,968 ","61,439 ","5,036 ","3,486 ",31 ,262 ,14 ,926 ,317 ,800 ,16-17,0.55,,,
,,,,"N23'55'20.8""",,,,,,,南,"3.7,3.5",2.0,2.1,"6,032 ","51,142 ","4,192 ","2,772 ",18 ,249 ,17 ,875 ,261 ,709 ,10-11,,,,
彰化縣,Ⅱ-I48,里程牌,64K+400,"E120'17'38.4""",台17線,西港~彰雲縣界,64K+000~68K+674,平原區,4.7,18.1,北,"3.6,3.5",0,0.8,"6,707 ","22,645 ","4,818 ","3,256 ",19 ,253 ,7 ,938 ,345 ,772 ,17-18,0.52,,,
,,,,"N23'52'16.2""",,,,,,,南,"3.6,3.5",0,0.8,"6,276 ","20,807 ","4,427 ","2,932 ",26 ,223 ,29 ,897 ,320 ,676 ,10-11,,,,
,,,,,,合計,,,68.8 ,,,,,,"159,686","806,868",,,,,,,,,,,,,
,,,,,,,,,,,,,,,,,,,,,,,,,,,,,
南投縣,Ⅱ-I49,塔塔加,109K+250,"E120'53'24.0""",台18線,嘉投縣界~塔塔加,97K+599~109K+985,山嶺區,12.4,7.5,東,3.3,0,0.3,298 ,"2,480 ",200 ,148 ,3 ,3 ,0 ,0 ,46 ,193 ,13-14,0.55,,,
,,,,"N23'29'14.3""",,,,,,,西,3.4,0,0.3,375 ,"3,001 ",242 ,210 ,3 ,4 ,0 ,0 ,25 ,,,,,,
,,,,,,合計,,,12.4 ,,,,,,673,"5,481",,,,,,,,,,,,,
,,,,,,,,,,,,,,,,,,,,,,,,,,,,,
彰化縣,Ⅱ-I50,中華陸橋,1K+000,"E120'32'11.5""",台19線,彰化~142線交岔路口,0K+000~3K+050,平原區,3.1,12,北,3.1,0,1.1,"18,187 ","75,426 ","24,331 ","11,335 ",143 ,93 ,0 ,0 ,"12,760 ","3,038 ",17-18,0.51,,,
,,,,"N24'04'36.5""",,,,,,,南,3.0,0,1.3,"17,618 ","72,562 ","23,407 ","11,070 ",162 ,91 ,0 ,0 ,"12,084 ",,,,,,
彰化縣,Ⅱ-I51,秀水橋,5K+600,"E120'30'24.6""",台19線,142線交岔路口~144線交岔路口,3K+050~9K+388,平原區,6.3,23.4,北,"3.5,3.5",0,3.6,"13,976 ","99,086 ","15,728 ","9,996 ",114 ,289 ,4 ,70 ,"5,255 ","1,452 ",17-18,0.50,,,
,,,,"N24'02'38.7""",,,,,,,南,"3.5,3.5",0,3.6,"14,258 ","100,832 ","16,005 ","10,253 ",114 ,319 ,3 ,65 ,"5,251 ","1,422 ",07-08,,,,
彰化縣,Ⅱ-I52,萬豐橋,10K+000,"E120'29'8.9""",台19線,144線交岔路口~溪湖,9K+388~15K+000,平原區,5.6,23.2,北,"3.6,3.5",0,3.0,"12,448 ","76,115 ","13,592 ","9,117 ",81 ,401 ,9 ,79 ,"3,905 ","1,827 ",07-08,0.51,,,
,,,,"N24'00'37.1""",,,,,,,南,"3.6,3.5",0,3.7,"12,817 ","77,980 ","13,925 ","9,464 ",109 ,399 ,7 ,84 ,"3,862 ","1,434 ",17-18,,,,
彰化縣,Ⅱ-I53,溪湖外環,15K+400,"E120'28'50.6""",台19線,溪湖~崙子腳路,15K+000~16K+700,平原區,1.7,17.8,北,"3.5,3.6",0,1.5,"5,668 ","10,334 ","6,079 ","4,198 ",35 ,184 ,1 ,59 ,"1,602 ",588 ,07-08,0.52,,,
,,,,"N23'57'50.9""",,,,,,,南,"3.5,3.6",0,1.5,"5,215 ","9,518 ","5,599 ","3,858 ",20 ,217 ,1 ,40 ,"1,463 ",493 ,17-18,,,,
彰化縣,Ⅱ-I54,鹿島橋,20K+400,"E120'28'29.9""",台19線,崙子腳路~埤頭,16K+700~22K+650,平原區,6,23.8,北,"3.5,3.6",0,4.0,"9,296 ","56,316 ","9,386 ","7,030 ",50 ,515 ,6 ,137 ,"1,648 ",972 ,07-08,0.50,,,
,,,,"N23'55'21.1""",,,,,,,南,"3.5,3.6",0,4.0,"9,395 ","56,736 ","9,456 ","7,074 ",53 ,515 ,8 ,150 ,"1,656 ",827 ,17-18,,,,
彰化縣,Ⅱ-I55,埤頭外環,24K+500,"E120'28'26.1""",台19線,埤頭~台19線交岔路口,22K+650~28K+350,平原區,5.7,23.6,北,"3.5,4.6",0,1.2,"2,648 ","14,706 ","2,580 ","1,748 ",8 ,240 ,6 ,68 ,510 ,286 ,07-08,0.53,,,
,,,,"N23'53'21.7""",,,,,,,南,"3.5,4.6",0,1.2,"2,413 ","13,292 ","2,332 ","1,569 ",5 ,192 ,5 ,82 ,479 ,254 ,10-11,,,,
彰化縣,Ⅱ-I56,慈航宮,32K+100,"E120'25'20.5""",台19線,台19線交岔路口~彰雲縣界,28K+350~38K+050,平原區,9.7,23.2,北,"3.6,3.5",2.0,1.3,"3,707 ","33,610 ","3,465 ","2,707 ",24 ,263 ,8 ,96 ,367 ,412 ,17-18,0.51,,,
,,,,"N23'51'20.1""",,,,,,,南,"3.6,3.7",2.0,1.2,"3,602 ","31,835 ","3,282 ","2,472 ",16 ,282 ,8 ,133 ,371 ,358 ,11-12,,,,
,,,,,,合計,,,38.1 ,,,,,,"131,248","728,348",,,,,,,,,,,,,
,,,,,,,,,,,,,,,,,,,,,,,,,,,,,
台中市,Ⅱ-I57,天冷,0K+200,E120'51'40.1'',台21線,天冷~大坪頂,0K+000~10K+000,丘陵區,10,7.6,北,3.4,0,0.3,"1,093 ","12,300 ","1,230 ",845 ,11 ,11 ,0 ,0 ,363 ,292 ,10-11,0.50,,,
,,,,N24'09'38.4'',,,,,,,南,3.4,0,0.3,"1,097 ","12,420 ","1,242 ",876 ,4 ,11 ,0 ,0 ,351 ,,,,,,
台中市,Ⅱ-I58,大坪頂,11K+200,E120'52'51.7'',台21線,大坪頂~中投縣界,10K+000~17K+468,山嶺區,7.5,7.4,北,3.1,0,0.7,638 ,"3,458 ",461 ,250 ,4 ,9 ,0 ,0 ,198 ,235 ,16-17,0.54,,,
,,,,N24'07'44.7'',,,,,,,南,3.1,0,0.3,549 ,"2,932 ",391 ,243 ,2 ,7 ,0 ,0 ,139 ,,,,,,
南投縣,Ⅱ-I59,長春橋,20K+300,"E120'52'38.1""",台21線,中投縣界~葉厝,17K+468~21K+629,丘陵區,4.2,8.9,北,3.9,0,0.5,"1,658 ","7,711 ","1,836 ","1,171 ",22 ,36 ,0 ,2 ,605 ,328 ,10-11,0.50,,,
,,,,"N24'04'29.7""",,,,,,,南,3.9,0,0.4,"1,618 ","7,694 ","1,832 ","1,160 ",18 ,27 ,0 ,2 ,625 ,,,,,,
南投縣,Ⅱ-I60,復興橋,25K+950,"E120'54'37.4""",台21線,葉厝~梅子林,21K+629~28K+557,丘陵區,6.9,8.6,北,3.5,0,0.6,"1,574 ","11,778 ","1,707 ","1,112 ",32 ,30 ,0 ,2 ,531 ,396 ,11-12,0.52,,,
,,,,"N24'03'28.8""",,,,,,,南,3.5,0,1.0,"1,667 ","12,717 ","1,843 ","1,188 ",34 ,23 ,0 ,2 ,596 ,,,,,,
南投縣,Ⅱ-I61,里程牌,42K+900,"E120'58'26.3""",台21線,梅子林~國道六號埔里交流道,28K+557~43K+100,丘陵區,14.5,18.4,北,3.4,0,5.6,"4,665 ","77,242 ","5,327 ","3,241 ",23 ,124 ,0 ,3 ,"1,936 ",421 ,11-12,0.50,,,
,,,,"N23'59'18.9""",,,,,,,南,"3.4,3.3",0,2.3,"4,774 ","76,778 ","5,295 ","3,315 ",46 ,135 ,0 ,4 ,"1,795 ",455 ,11-12,,,,
南投縣,Ⅱ-I62,牛眠橋,43K+800,"E120'58'17.5""",台21線,國道六號埔里交流道~埔里,43K+100~45K+791,丘陵區,2.7,13,北,3.7,0,2.8,"6,376 ","18,954 ","7,020 ","4,845 ",36 ,107 ,2 ,17 ,"2,013 ","1,078 ",11-12,0.50,,,
,,,,"N23'58'52.4""",,,,,,,南,3.7,0,2.8,"6,489 ","19,248 ","7,129 ","5,088 ",44 ,83 ,2 ,12 ,"1,900 ",,,,,,
南投縣,Ⅱ-I63,新城橋,55K+600,"E120'55'33.6""",台21線,埔里~頭社,45K+791~69K+020,山嶺區,23.2,15,北,"3.2,3.2",0,1.0,"12,412 ","174,696 ","7,530 ","5,768 ",465 ,113 ,1 ,43 ,"1,140 ","1,974 ",15-16,0.50,9 ,34 ,自行車車輛數(輛/日)：22
,,,,"N23'54'25.3""",,,,,,,南,"3.2,3.2",0,1.0,"12,243 ","173,466 ","7,477 ","5,727 ",491 ,77 ,0 ,33 ,"1,149 ","1,689 ",10-11,,12 ,75 ,自行車車輛數(輛/日)；44
南投縣,Ⅱ-I64,頂平四號橋,74K+300,"E120'52'20.3""",台21線,頭社~頂崁,69K+020~76K+400,丘陵區,7.4,14.8,北,"3.1,4.2",0,0.3,"2,038 ","13,949 ","1,885 ","1,447 ",62 ,25 ,0 ,47 ,304 ,351 ,10-11,0.50,3 ,28 ,自行車車輛數(輛/日)；16
,,,,"N23'48'28.7""",,,,,,,南,"3.4,3.3",0,0.3,"2,026 ","13,868 ","1,874 ","1,427 ",113 ,7 ,0 ,37 ,290 ,403 ,16-17,,9 ,68 ,自行車車輛數(輛/日)；39
南投縣,Ⅱ-I65,龍神橋,78K+400,"E120'52'12.5""",台21線,頂崁~郡坑,76K+400~86K+363,丘陵區,10,7.4,北,3.3,0,0.4,"3,523 ","31,620 ","3,162 ","2,770 ",50 ,81 ,0 ,51 ,210 ,694 ,08-09,0.52,,,
,,,,"N23'46'43.7""",,,,,,,南,3.1,0,0.4,"3,813 ","34,100 ","3,410 ","2,935 ",45 ,96 ,0 ,64 ,270 ,,,,,,
南投縣,Ⅱ-I66,陳有蘭溪橋,93K+600,"E120'52'45.7""",台21線,郡坑~和社,86K+363~105K+305,山嶺區,18.9,9,北,3.4,0,1.0,"3,154 ","37,044 ","1,960 ","1,684 ",35 ,47 ,0 ,4 ,190 ,656 ,16-17,0.52,,,
,,,,"N23'39'33.4""",,,,,,,南,3.4,0,1.0,"3,441 ","40,257 ","2,130 ","1,834 ",38 ,53 ,0 ,5 ,200 ,,,,,,
南投縣,Ⅱ-I67,松泉橋,107K+450,"E120'51'49.5""",台21線,和社~監工站,105K+305~121K+067,山嶺區,15.8,8.8,北,4.0,0,0.3,875 ,"9,053 ",573 ,484 ,7 ,8 ,0 ,0 ,74 ,256 ,12-13,0.52,,,
,,,,"N23'33'12.3""",,,,,,,南,3.9,0,0.4,954 ,"9,875 ",625 ,530 ,5 ,11 ,0 ,0 ,79 ,,,,,,
南投縣,Ⅱ-I68,大勇橋,124K+300,"E120'54'29.8""",台21線,監工站~塔塔加,121K+067~145K+035,山嶺區,24,8.4,北,4.0,0,0.1,345 ,"5,424 ",226 ,189 ,3 ,3 ,0 ,0 ,31 ,156 ,11-12,0.52,,,
,,,,"N23'31'43.1""",,,,,,,南,4.0,0,0.1,380 ,"5,952 ",248 ,215 ,2 ,4 ,0 ,0 ,27 ,,,,,,
,,,,,,合計,,,145.1 ,,,,,,"77,402","812,536",,,,,,,,,,,,,
,,,,,,,,,,,,,,,,,,,,,,,,,,,,,
南投縣,Ⅱ-I69,日月潭收費站,0K+088,"E120'55'14.6""",台21甲線,日月潭~投社,0K+000~20K+792,山嶺區,20.8,10.1,北,4.5,0,0.4,"4,108 ","51,064 ","2,455 ","1,962 ",142 ,26 ,0 ,0 ,325 ,"1,541 ",15-16,0.51,,,
,,,,"N23'52'18.8""",,,,,,,南,4.5,0,0.5,"4,281 ","52,395 ","2,519 ","2,051 ",173 ,11 ,0 ,0 ,284 ,,,,,,
,,,,,,合計,,,20.8 ,,,,,,"8,389","103,459",,,,,,,,,,,,,
,,,,,,,,,,,,,,,,,,,,,,,,,,,,,
苗栗縣,Ⅱ-I70,崎頂,87K+600,"E120'52'6.4""",台61線,崎頂~大山,87K+550~99K+600,平原區,12.1,19.4,北,"3.7,3.7",0,1.0,"4,933 ","56,241 ","4,648 ","4,231 ",25 ,169 ,3 ,112 ,108 ,707 ,17-18,0.51,,,
,,,,"N24'43'18.8""",,,,,,,南,"3.7,3.7",0,1.0,"5,041 ","57,741 ","4,772 ","4,334 ",14 ,194 ,2 ,105 ,123 ,583 ,17-18,,,,
苗栗縣,Ⅱ-I70側車道,崎頂,87K+600,"E120'52'6.6""",台61線,崎頂~大山,87K+550~99K+600,平原區,12.1,19.4,北,"3.3,3.3",2.0,0.5,"1,517 ","22,760 ","1,881 ",599 ,0 ,11 ,0 ,5 ,"1,266 ",280 ,07-08,0.53,,,側車道2車道
,,,,"N24'43'18.4""",,,,,,,南,"3.3,3.3",0,2.4,"1,512 ","25,410 ","2,100 ",565 ,1 ,22 ,0 ,2 ,"1,510 ",204 ,17-18,,,,側車道2車道
苗栗縣,Ⅱ-I71,龍港,102K+900,"E120'46'24.9""",台61線,大山~後龍,99K+600~105K+295,平原區,5.7,19.8,北,"3.6,3.6",0,1.0,"3,844 ","18,229 ","3,198 ","2,619 ",23 ,136 ,6 ,300 ,114 ,699 ,17-18,0.52,,,
,,,,"N24'37'30.2""",,,,,,,南,"3.6,3.6",0,1.0,"3,324 ","16,633 ","2,918 ","2,453 ",15 ,151 ,3 ,181 ,115 ,355 ,09-10,,,,
苗栗縣,Ⅱ-I71側車道,龍港,102K+900,"E120'46'24.5""",台61線,大山~後龍,99K+600~105K+295,平原區,5.7,19.2,北,"3.2,3.2",2.0,0.4,"1,416 ","8,767 ","1,538 ","1,019 ",0 ,16 ,0 ,9 ,494 ,191 ,14-15,0.57,26 ,120 ,"側車道2車道
自行車車輛數(輛/日)：73"
,,,,"N24'37'30.1""",,,,,,,南,"3.3,3.3",1.6,0.4,986 ,"6,509 ","1,142 ",594 ,1 ,6 ,0 ,1 ,540 ,131 ,13-14,,43 ,234 ,"側車道2車道
自行車車輛數(輛/日)：139"
苗栗縣,Ⅱ-I72,通霄,110K+750,"E120'43'12.8""",台61線,後龍~通霄,105K+295~121K+100,平原區,15.8,21.8,北,"3.5,3.6",0,3.0,"3,744 ","49,438 ","3,129 ","2,585 ",28 ,142 ,6 ,277 ,91 ,642 ,18-19,0.50,,,
,,,,"N24'34'43.6""",,,,,,,南,"3.5,3.6",0,3.0,"3,539 ","48,854 ","3,092 ","2,649 ",20 ,129 ,3 ,201 ,90 ,403 ,10-11,,,,
苗栗縣,Ⅱ-I72側車道,通霄,110K+750,"E120'43'12.3""",台61線,後龍~通霄,105K+295~121K+100,平原區,15.8,14,北,3.3,2.1,1.0,314 ,"7,600 ",481 ,72 ,1 ,12 ,0 ,7 ,389 ,103 ,07-08,0.59,5 ,61 ,"側車道2車道
自行車車輛數(輛/日)：33"
,,,,"N24'34'43.4""",,,,,,,南,3.3,2.1,1.2,435 ,"11,028 ",698 ,126 ,0 ,15 ,0 ,0 ,557 ,,,,40 ,150 ,"側車道2車道
自行車車輛數(輛/日)：95"
苗栗縣,Ⅱ-I73,苑裡,130K+000,"E120'38'15.3""",台61線,通霄~苑裡,121K+100~130K+880,平原區,9.8,21.8,北,"3.5,3.5",0,2.8,"3,305 ","24,059 ","2,455 ","1,797 ",11 ,155 ,6 ,395 ,91 ,601 ,17-18,0.54,,,
,,,,"N24'26'22.6""",,,,,,,南,"3.5,3.5",0,2.8,"2,607 ","20,776 ","2,120 ","1,703 ",2 ,111 ,3 ,227 ,74 ,245 ,15-16,,,,
苗栗縣,Ⅱ-I73側車道,苑裡,130K+000,"E120'38'16.5""",台61線,通霄~苑裡,121K+100~130K+880,平原區,9.8,13.4,北,5.0,0,1.1,913 ,"8,928 ",911 ,637 ,1 ,23 ,0 ,41 ,209 ,171 ,07-08,0.54,1 ,4 ,"側車道2車道
自行車車輛數(輛/日)：3"
,,,,"N24'26'22.6""",,,,,,,南,4.9,0,1.0,736 ,"7,644 ",780 ,547 ,1 ,19 ,0 ,17 ,196 ,,,,9 ,16 ,"側車道2車道
自行車車輛數(輛/日)：13"
台中市,Ⅱ-I74,大安溪橋,135K+600,E120'36'45.4'',台61線,苑裡~大甲,130K+880~140K+700,平原區,9.8,20,北,"3.5,3.5",0,2.4,"6,289 ","47,256 ","4,822 ","3,731 ",24 ,232 ,3 ,694 ,138 ,830 ,07-08,0.52,,,分離車道
,,,,N24'24'16.8'',,,,,,,南,"3.5,3.5",0,2.4,"5,649 ","44,443 ","4,535 ","3,661 ",19 ,187 ,3 ,529 ,136 ,538 ,10-11,,,,分離車道
台中市,Ⅱ-I74側車道,大安溪橋,135K+600,E120'36'45.0'',台61線,苑裡~大甲,130K+880~140K+700,平原區,9.8,14.8,北,"3.3,3.3",0,0.3,439 ,"5,449 ",556 ,243 ,3 ,6 ,0 ,0 ,304 ,91 ,07-08,0.57,,,側車道2車道
,,,,N24'24'16.6'',,,,,,,南,"3.3,3.3",0,0.3,617 ,"7,311 ",746 ,380 ,4 ,7 ,0 ,3 ,352 ,105 ,17-18,,,,側車道2車道
台中市,Ⅱ-I75,大甲溪橋,145K+000,E120'34'2.8'',台61線,大甲~清水,140K+700~150K+000,平原區,9.3,20,北,"3.6,3.6",0,2.3,"7,748 ","56,897 ","6,118 ","4,985 ",27 ,236 ,4 ,765 ,101 ,784 ,17-18,0.50,,,分離車道
,,,,N24'19'34.9'',,,,,,,南,"3.6,3.6",0,2.3,"7,319 ","56,033 ","6,025 ","4,977 ",30 ,225 ,3 ,615 ,175 ,753 ,07-08,,,,分離車道
台中市,Ⅱ-I75側車道,大甲溪橋,145K+000,E120'34'2.8'',台61線,大甲~清水,140K+700~150K+000,平原區,9.3,14.4,北,"3.3,3.3",0,0.3,733 ,"7,505 ",807 ,391 ,3 ,5 ,0 ,35 ,373 ,88 ,07-08,0.53,,,"側車道2車道；
（平日）自行車車輛數(輛/日)：6
（假日）自行車車輛數(輛/日)：7"
,,,,N24'19'35.1'',,,,,,,南,"3.3,3.3",0,0.3,624 ,"6,603 ",710 ,322 ,4 ,4 ,0 ,26 ,354 ,120 ,17-18,,,,"側車道2車道；
（平日）自行車車輛數(輛/日)：15
（假日）自行車車輛數(輛/日)：19"
台中市,Ⅱ-I76,清水,151K+750,E120'32'54.2'',台61線,清水~梧棲,150K+000~154K+900,平原區,4.9,19.2,北,"3.5,3.6",0,1.4,"16,867 ","60,824 ","12,413 ","9,441 ",94 ,759 ,20 ,"2,011 ",88 ,"1,456 ",17-18,0.50,,,
,,,,N24'16'47.7'',,,,,,,南,"3.5,3.6",0,1.4,"16,033 ","60,314 ","12,309 ","9,638 ",77 ,778 ,14 ,"1,662 ",140 ,"1,816 ",07-08,,,,
台中市,Ⅱ-I77,清水,150K+600,E120'32'41.0'',台61線,清水~梧棲,150K+000~154K+900,平原區,4.9,34.2,北,"3.4,3.3,3.6",0,3.2,"12,619 ","52,038 ","10,620 ","7,531 ",116 ,518 ,13 ,"1,097 ","1,345 ","1,204 ",16-17,0.50,,,平面道路
,,,,N24'16'11.8'',,,,,,,南,"3.5,3.5,3.6",0,3.2,"12,633 ","52,876 ","10,791 ","7,371 ",119 ,522 ,18 ,"1,079 ","1,682 ","1,341 ",07-08,,,,平面道路
台中市,Ⅱ-I78,梧棲,155K+300,E120'31'54.9'',台61線,梧棲~中彰縣界,154K+900~163K+300,平原區,8.4,19.2,北,"3.5,3.6",0,1.4,"17,931 ","118,490 ","14,106 ","11,277 ",124 ,935 ,14 ,"1,654 ",102 ,"1,681 ",17-18,0.50,,,
,,,,N24'14'24.3'',,,,,,,南,"3.5,3.6",0,1.4,"17,505 ","119,448 ","14,220 ","11,759 ",93 ,786 ,17 ,"1,432 ",133 ,"1,925 ",07-08,,,,
彰化縣,Ⅱ-I79,伸港,164K+450,"E120'28'48.7""",台61線,中彰縣界~伸港交流道,163K+300~166K+168,平原區,2.9,22,北,"3.5,3.5",0,2.4,"15,515 ","31,442 ","10,842 ","7,860 ",65 ,689 ,24 ,"2,137 ",67 ,"1,389 ",16-17,0.51,,,
,,,,"N24'10'36.7""",,,,,,,南,"3.5,3.5",0,2.4,"15,612 ","30,607 ","10,554 ","7,298 ",38 ,799 ,36 ,"2,300 ",83 ,"1,479 ",07-08,,,,
彰化縣,Ⅱ-I80,全興工業區,168K+100,"E120'27'19.9""",台61線,伸港交流道~線西交流道,166K+168~169K+915,平原區,3.7,22,北,"3.5,3.5",0,2.4,"16,445 ","42,765 ","11,558 ","8,414 ",65 ,769 ,23 ,"2,224 ",63 ,"1,467 ",17-18,0.51,,,
,,,,"N24'09'10.5""",,,,,,,南,"3.5,3.5",0,2.4,"15,610 ","40,511 ","10,949 ","7,886 ",39 ,809 ,56 ,"2,078 ",81 ,"1,604 ",09-10,,,,
彰化縣,Ⅱ-I81,洋厝,171K+950,"E120'26'17.9""",台61線,線西交流道~洋厝交流道,169K+915~174K+834,平原區,4.9,22,北,"3.5,3.5",0,2.4,"16,884 ","59,672 ","12,178 ","9,210 ",47 ,660 ,25 ,"2,165 ",71 ,"1,707 ",07-08,0.51,,,
,,,,"N24'07'22.6""",,,,,,,南,"3.5,3.5",0,2.4,"16,817 ","58,129 ","11,863 ","8,825 ",38 ,598 ,40 ,"2,292 ",70 ,"1,691 ",17-18,,,,
彰化縣,Ⅱ-I82,鹿港,175K+550,"E120'25'50.0""",台61線,洋厝交流道~鹿港交流道,174K+834~177K+835,平原區,3,22,北,"3.5,3.5",0,2.4,"17,462 ","38,988 ","12,996 ","10,181 ",46 ,631 ,23 ,"2,053 ",62 ,"1,550 ",16-17,0.51,,,
,,,,"N24'05'29.0""",,,,,,,南,"3.5,3.5",0,2.4,"17,815 ","38,133 ","12,711 ","9,541 ",38 ,690 ,35 ,"2,347 ",60 ,"1,819 ",10-11,,,,
彰化縣,Ⅱ-I83,福興,178K+600,"E120'24'48.3""",台61線,鹿港交流道~福興交流道,177K+835~180K+000,平原區,2.2,22,北,"3.5,3.5",0,2.4,"14,669 ","23,806 ","10,821 ","8,409 ",52 ,520 ,14 ,"1,777 ",49 ,"1,798 ",07-08,0.50,,,
,,,,"N24'04'9.2""",,,,,,,南,"3.5,3.5",0,2.4,"15,335 ","23,769 ","10,804 ","7,992 ",38 ,604 ,31 ,"2,085 ",54 ,"1,643 ",17-18,,,,
彰化縣,Ⅱ-I84,漢寶,183K+900,"E120'23'28.1""",台61線,福興交流道~漢寶交流道,180K+000~185K+000,平原區,5,22,北,"3.5,3.5",0,2.4,"10,279 ","38,675 ","7,735 ","6,072 ",60 ,391 ,15 ,"1,153 ",44 ,"1,021 ",16-17,0.54,,,
,,,,"N24'01'52.0""",,,,,,,南,"3.5,3.5",0,2.4,"9,235 ","33,465 ","6,693 ","4,996 ",43 ,441 ,26 ,"1,134 ",53 ,985 ,10-11,,,,
彰化縣,Ⅱ-I85,王功,187K+100,"E120'22'52.4""",台61線,漢寶交流道~王功交流道,185K+000~192K+300,平原區,7.3,22,北,"3.5,3.5",0,2.4,"8,312 ","45,530 ","6,237 ","4,821 ",50 ,391 ,8 ,927 ,40 ,996 ,16-17,0.53,,,王功交流道192K+300~大城交流道208K+400未通車
,,,,"N24'00'14.1""",,,,,,,南,"3.5,3.5",0,2.4,"7,630 ","40,413 ","5,536 ","4,107 ",39 ,391 ,23 ,926 ,50 ,868 ,10-11,,,,
彰化縣,Ⅱ-I86,大城,209K+600,"E120'17'41.5""",台61線,大城交流道~西濱大橋南端,208K+400~215K+670,平原區,7.3,22,北,"3.5,3.5",0,2.4,"5,770 ","30,288 ","4,149 ","3,090 ",19 ,249 ,6 ,745 ,40 ,710 ,17-18,0.50,,,王功交流道192K+300~大城交流道208K+400未通車
,,,,"N23'51'0.8""",,,,,,,南,"3.5,3.5",0,2.4,"5,694 ","29,799 ","4,082 ","3,012 ",28 ,243 ,50 ,698 ,51 ,529 ,12-13,,,,
,,,,,,合計,,,102.3 ,,,,,,"370,256","1,692,096",,,,,,,,,,,,,
,,,,,,,,,,,,,,,,,,,,,,,,,,,,,
彰化縣,Ⅱ-I87,台17線路口,1K+500,"E120'28'21.5""",台61乙線,彰濱~134線交岔路口,0K+000~3K+000,平原區,3,19.6,北,"3.5,4.0",0,1.6,"4,069 ","11,265 ","3,755 ","2,850 ",7 ,247 ,5 ,181 ,465 ,902 ,07-08,0.51,,,
,,,,"N24'09'12.8""",,,,,,,南,"3.5,4.0",0,1.6,"3,945 ","10,794 ","3,598 ","2,744 ",12 ,273 ,3 ,177 ,389 ,673 ,17-18,,,,
彰化縣,Ⅱ-I88,134線路口,3K+500,"E120'29'30.4""",台61乙線,134線交岔路口~139線交岔路口,3K+000~5K+200,平原區,2.2,19.6,北,"3.5,4.0",0,1.6,"6,686 ","13,671 ","6,214 ","5,297 ",28 ,261 ,3 ,238 ,387 ,875 ,07-08,0.51,,,
,,,,"N24'08'59.0""",,,,,,,南,"3.5,4.0",0,1.6,"6,905 ","14,113 ","6,415 ","5,381 ",30 ,334 ,2 ,238 ,430 ,898 ,17-18,,,,
彰化縣,Ⅱ-I89,和美交流道,6K+500,"E120'31'10.1""",台61乙線,139線交岔路口~和美,5K+200~6K+700,平原區,1.5,22.3,北,"3.7,3.7",0,2.6,"16,428 ","18,086 ","12,057 ","9,368 ",30 ,621 ,33 ,"1,992 ",13 ,"1,952 ",07-08,0.51,,,
,,,,"N24'08'47.9""",,,,,,,南,"4.4,3.7",0,2.6,"15,398 ","17,252 ","11,501 ","8,902 ",45 ,815 ,39 ,"1,695 ",5 ,"1,720 ",17-18,,,,
,,,,,,合計,,,6.7 ,,,,,,"53,431","85,181",,,,,,,,,,,,,
,,,,,,,,,,,,,,,,,,,,,,,,,,,,,
台中市,Ⅱ-I90,大里,6K+000,"E120'39'49.5""",台63線,台中~霧峰,0K+000~10K+800,平原區,10.8,24.4,北,"3.6,3.5,3.6",0,1.4,"11,710 ","124,924 ","11,567 ","11,146 ",257 ,62 ,0 ,10 ,92 ,"1,813 ",17-18,0.51,,,
,,,,"N24'04'36.1""",,,,,,,南,"3.6,3.6,3.6",0,0.7,"11,412 ","121,716 ","11,270 ","10,874 ",263 ,70 ,0 ,0 ,63 ,"1,201 ",07-08,,,,
台中市,"Ⅱ-I90平面
車道",大里,6K+000,"E120'39'49.5""",台63線,台中~霧峰,0K+000~10K+800,平原區,10.8,14,北,5.1,0,1.4,"5,336 ","77,501 ","7,176 ","1,994 ",45 ,229 ,0 ,136 ,"4,772 ",734 ,17-18,0.52,,,
,,,,"N24'04'36.1""",,,,,,,南,5.1,0,1.4,"5,962 ","84,974 ","7,868 ","2,360 ",37 ,275 ,0 ,152 ,"5,044 ",951 ,07-08,,,,
台中市,"Ⅱ-I90入口
匝道",大里,6K+000,"E120'39'49.5""",台63線,台中~霧峰,0K+000~10K+800,平原區,10.8,11.2,北,4.5,0,0.5,"17,408 ","183,557 ","16,996 ","16,575 ",258 ,152 ,1 ,2 ,8 ,"1,614 ",17-18,0.52,,,
,,,,"N24'04'36.1""",,,,,,,南,4.7,0,0.5,"16,135 ","169,096 ","15,657 ","15,173 ",318 ,155 ,0 ,4 ,7 ,"1,433 ",07-08,,,,
南投縣,Ⅱ-I91,草屯,14K+700,"E120'40'44.5""",台63線,霧峰~草屯,10K+800~18K+980,平原區,8.2,17.7,北,"3.2,4.2",0,0.8,"5,356 ","43,362 ","5,288 ","5,097 ",29 ,128 ,0 ,1 ,33 ,"1,124 ",17-18,0.50,,,
,,,,"N24'00'36.2""",,,,,,,南,"3.3,3.7",0,1.6,"5,450 ","44,231 ","5,394 ","5,201 ",27 ,117 ,0 ,1 ,48 ,664 ,11-12,,,,
南投縣,"Ⅱ-I91平面
車道",草屯,14K+700,"E120'40'44.5""",台63線,霧峰~草屯,10K+800~18K+980,平原區,8.2,14,北,5.0,0,1.4,"2,316 ","31,250 ","3,811 ",402 ,2 ,49 ,0 ,53 ,"3,305 ",496 ,07-08,0.52,,,
,,,,"N24'00'36.2""",,,,,,,南,5.0,0,1.4,"2,182 ","28,757 ","3,507 ",417 ,4 ,51 ,0 ,55 ,"2,980 ",263 ,18-19,,,,
南投縣,"Ⅱ-I91入口
匝道",草屯,14K+700,"E120'40'44.5""",台63線,霧峰~草屯,10K+800~18K+980,平原區,8.2,11.4,北,4.0,0,0.5,"7,037 ","55,309 ","6,745 ","6,390 ",217 ,61 ,0 ,21 ,56 ,851 ,17-18,0.52,,,
,,,,"N24'00'36.2""",,,,,,,南,4.5,0,0.4,"7,619 ","59,819 ","7,295 ","6,912 ",280 ,60 ,0 ,2 ,41 ,804 ,17-18,,,,
,,,,,,合計,,,19.0 ,,,,,,"97,923","1,024,496",,,,,,,,,,,,,
,,,,,,,,,,,,,,,,,,,,,,,,,,,,,
南投縣,Ⅱ-I92,草屯,0K+850,"E120'40'46.6""",台63甲線,芬園~草屯,0K+000~2K+800,平原區,2.8,32,北,"3.6,3.6,3.6",1.7,1.8,"8,339 ","24,937 ","8,906 ","6,371 ",186 ,44 ,1 ,3 ,"2,301 ","1,091 ",07-08,0.53,,,
,,,,"N23'59'57.6""",,,,,,,南,"3.6,3.6,3.6",1.7,1.8,"9,260 ","27,614 ","9,862 ","7,008 ",241 ,61 ,1 ,4 ,"2,547 ","1,018 ",17-18,,,,
,,,,,,合計,,,2.8 ,,,,,,"17,599","52,551",,,,,,,,,,,,,
,,,,,,,,,,,,,,,,,,,,,,,,,,,,,
苗栗縣,Ⅱ-I93,後龍段,4K+000,"E120'48'12.5""",台72線,後龍~造橋,0K+000~6K+562,平原區,6.6,26.8,東,"3.8,3.8",0,6.0,"3,314 ","20,975 ","3,178 ","2,998 ",16 ,84 ,1 ,48 ,31 ,333 ,07-08,0.50,,,
,,,,"N24'36'14.9""",,,,,,,西,"3.8,3.8",0,2.2,"3,334 ","21,061 ","3,191 ","2,979 ",30 ,84 ,2 ,50 ,46 ,423 ,07-08,,,,
苗栗縣,Ⅱ-I94,頭屋段,11K+000,"E120'50'40.7""",台72線,造橋~公館,6K+562~15K+747,平原區,9.2,26.8,東,"3.6,3.6",0,6.0,"12,569 ","110,050 ","11,962 ","11,273 ",119 ,311 ,1 ,205 ,53 ,"1,265 ",07-08,0.50,,,
,,,,"N24'34'1.1""",,,,,,,西,"3.6,3.6",0,3.0,"12,627 ","110,621 ","12,024 ","11,340 ",128 ,285 ,2 ,208 ,61 ,"1,513 ",07-08,,,,
苗栗縣,Ⅱ-I95,龜山橋段,16K+700,"E120'48'52.8""",台72線,公館~銅鑼,15K+747~20K+786,平原區,5,23.8,東,"3.6,3.6",0,3.0,"9,587 ","45,345 ","9,069 ","8,459 ",112 ,283 ,2 ,167 ,46 ,"1,255 ",07-08,0.51,,,
,,,,"N24'31'57.8""",,,,,,,西,"3.6,3.6",0,3.0,"9,250 ","43,950 ","8,790 ","8,268 ",104 ,207 ,1 ,161 ,49 ,"1,072 ",14-15,,,,
苗栗縣,Ⅱ-I96,中平段,21K+300,"E120'48'15.7""",台72線,銅鑼~石圍牆,20K+786~25K+000,平原區,4.2,23.8,東,"3.8,3.8",0,2.6,"6,967 ","28,106 ","6,692 ","6,320 ",103 ,151 ,2 ,79 ,37 ,821 ,12-13,0.51,,,
,,,,"N24'29'19.7""",,,,,,,西,"3.8,3.8",0,2.6,"6,819 ","27,241 ","6,486 ","6,078 ",99 ,164 ,1 ,107 ,37 ,"1,152 ",14-15,,,,
苗栗縣,Ⅱ-I97,汶水段,30K+500,"E120'52'36.3""",台72線,石圍牆~獅潭,25K+000~30K+798,平原區,5.8,21.8,東,"4.0,3.4",0,0.2,"5,579 ","31,674 ","5,461 ","5,242 ",71 ,88 ,2 ,24 ,34 ,646 ,14-15,0.51,,,
,,,,"N24'27'30.1""",,,,,,,西,"3.8,3.8",0,2.0,"5,467 ","30,746 ","5,301 ","5,057 ",76 ,92 ,1 ,46 ,29 ,914 ,14-15,,,,
,,,,,,合計,,,30.8 ,,,,,,"75,513","469,769",,,,,,,,,,,,,
,,,,,,,,,,,,,,,,,,,,,,,,,,,,,
台中市,Ⅱ-I98,快官系統,0K+600,"E120'36'25.6""",台74線,快官交流道~成功交流道,0K+000~1K+650,平原區,1.7,19.3,東,"3.5,3.5",0,1.4,"23,948 ","39,738 ","23,375 ","22,441 ",146 ,377 ,0 ,198 ,213 ,"2,192 ",07-08,0.51,,,
,,,,"N24'05'41.5""",,,,,,,西,"3.7,3.5",0,1.8,"24,763 ","41,206 ","24,239 ","23,440 ",122 ,321 ,1 ,184 ,171 ,"2,190 ",17-18,,,,
台中市,"Ⅱ-I98入口
匝道1",快官系統,0K+600,"E120'36'25.6""",台74線,快官交流道~成功交流道,0K+000~1K+650,平原區,1.7,19,東,"4.6,4.6",0,2.2,"32,940 ","52,981 ","31,165 ","29,162 ",492 ,983 ,20 ,500 ,8 ,"2,724 ",07-08,0.84,,,
,,,,"N24'05'41.5""",,,,,,,西,4.6,0,2.0,"6,176 ","9,773 ","5,749 ","5,416 ",39 ,200 ,7 ,87 ,0 ,597 ,07-08,,,,
台中市,"Ⅱ-I98
入口
匝道2",快官系統,0K+600,"E120'36'25.6""",台74線,快官交流道~成功交流道,0K+000~1K+650,平原區,1.7,5.4,西,4.6,0,0.4,"4,043 ","5,887 ","3,463 ","3,073 ",22 ,178 ,1 ,189 ,0 ,431 ,11-12,1.00,,,
,,,,"N24'05'41.5""",,,,,,,0,0,0,0,0 ,0 ,0 ,0 ,0 ,0 ,0 ,0 ,0 ,,,,,,
台中市,Ⅱ-I99,烏日,1K+900,"E120'36'52.1""",台74線,成功交流道~筏子溪橋,1K+650~2K+500,平原區,0.9,28,東,"3.5,3.5,3.5",0,2.5,"47,460 ","41,206 ","45,784 ","43,467 ",597 ,"1,059 ",13 ,450 ,198 ,"4,130 ",07-08,0.51,,,
,,,,"N24'06'16.7""",,,,,,,西,"3.5,3.5,3.5",0,2.5,"48,833 ","42,582 ","47,313 ","45,325 ",568 ,842 ,19 ,417 ,142 ,"3,675 ",17-18,,,,
台中市,"Ⅱ-I99入口
匝道",烏日,1K+900,"E120'36'52.1""",台74線,成功交流道~筏子溪橋,1K+650~2K+500,平原區,0.9,12.4,東,4.5,0,0.5,"6,440 ","5,157 ","5,730 ","5,138 ",77 ,337 ,4 ,150 ,24 ,661 ,08-09,0.62,,,
,,,,"N24'06'16.7""",,,,,,,西,4.1,0,1.1,"10,130 ","8,261 ","9,179 ","8,444 ",60 ,352 ,7 ,273 ,43 ,890 ,10-11,,,,
台中市,Ⅱ-II00,烏日高鐵站區,4K+100,"E120'37'11.6""",台74線,筏子溪橋~高鐵台中交流道,2K+500~4K+500,平原區,2,28,東,"3.5,3.5,3.5",0,2.5,"47,638 ","91,342 ","45,671 ","43,127 ",505 ,"1,253 ",11 ,573 ,202 ,"4,428 ",07-08,0.51,,,
,,,,"N24'07'21.3""",,,,,,,西,"3.5,3.5,3.5",0,2.5,"48,935 ","93,966 ","46,983 ","44,485 ",509 ,"1,225 ",19 ,560 ,185 ,"3,783 ",17-18,,,,
台中市,"Ⅱ-II00入口
匝道",烏日高鐵站區,4K+100,"E120'37'11.6""",台74線,筏子溪橋~高鐵台中交流道,2K+500~4K+500,平原區,2,14.5,東,4.5,0,1.8,"21,641 ","42,106 ","21,053 ","20,503 ",260 ,172 ,1 ,85 ,32 ,"1,798 ",16-17,0.75,,,
,,,,"N24'07'21.3""",,,,,,,西,5.0,0,1.4,"7,135 ","13,904 ","6,952 ","6,763 ",149 ,26 ,1 ,5 ,8 ,705 ,16-17,,,,
台中市,Ⅱ-II01,南屯一交流道,5K+250,"E120'37'15.3""",台74線,高鐵台中交流道~南屯一交流道,4K+500~5K+500,平原區,1,29,東,"3.5,3.5,3.5",0,2.4,"54,555 ","52,723 ","52,723 ","50,183 ",714 ,"1,133 ",9 ,485 ,199 ,"4,432 ",07-08,0.52,,,
,,,,"N24'07'57.7""",,,,,,,西,"3.5,3.5,3.5",0,2.9,"58,091 ","56,400 ","56,400 ","54,210 ",657 ,864 ,13 ,486 ,170 ,"4,740 ",17-18,,,,
台中市,"Ⅱ-II01出口
匝道",南屯一交流道,5K+250,"E120'37'15.3""",台74線,高鐵台中交流道~南屯一交流道,4K+500~5K+500,平原區,1,11.8,東,5.0,0,0.4,"14,674 ","13,999 ","13,999 ","13,447 ",50 ,292 ,2 ,173 ,35 ,"1,468 ",16-17,0.55,,,
,,,,"N24'07'57.7""",,,,,,,西,4.8,0,0.4,"12,296 ","11,549 ","11,549 ","10,895 ",51 ,428 ,5 ,137 ,33 ,"1,023 ",07-08,,,,
台中市,Ⅱ-II02,南屯二交流道,7K+450,"E120'37'26.8""",台74線,南屯一交流道~南屯二交流道,5K+500~7K+500,平原區,2,28,東,"3.5,3.5,3.5",0,2.5,"45,261 ","87,756 ","43,878 ","42,064 ",620 ,637 ,9 ,398 ,150 ,"3,607 ",17-18,0.50,,,
,,,,"N24'09'9.6""",,,,,,,西,"3.5,3.5,3.5",0,2.5,"45,791 ","89,174 ","44,587 ","43,000 ",513 ,564 ,7 ,355 ,148 ,"3,715 ",17-18,,,,
台中市,"Ⅱ-II02入口
匝道",南屯二交流道,7K+450,"E120'37'26.8""",台74線,南屯一交流道~南屯二交流道,5K+500~7K+500,平原區,2,11,東,4.4,0,0.6,"19,900 ","37,870 ","18,935 ","18,035 ",143 ,502 ,3 ,176 ,76 ,"1,507 ",14-15,0.62,,,
,,,,"N24'09'9.6""",,,,,,,西,4.5,0,0.5,"12,517 ","23,624 ","11,812 ","11,210 ",144 ,300 ,6 ,130 ,22 ,"1,036 ",17-18,,,,
台中市,Ⅱ-II03,西屯一交流道,9K+200,"E120'37'50.7""",台74線,南屯二交流道~西屯二交流道,7K+500~9K+500,平原區,2,28,東,"3.5,3.5,3.5",0,2.4,"47,869 ","92,356 ","46,178 ","44,122 ",496 ,827 ,11 ,540 ,182 ,"3,858 ",07-08,0.52,,,
,,,,"N24'09'59.8""",,,,,,,西,"3.5,3.5,3.5",0,2.4,"43,084 ","83,644 ","41,822 ","40,227 ",405 ,593 ,9 ,408 ,180 ,"3,458 ",07-08,,,,
台中市,"Ⅱ-II03入口
匝道",西屯一交流道,9K+200,"E120'37'50.7""",台74線,南屯二交流道~西屯二交流道,7K+500~9K+500,平原區,2,10.8,東,4.5,0,0.4,"15,772 ","31,070 ","15,535 ","15,246 ",50 ,79 ,0 ,75 ,85 ,"1,479 ",20-21,0.51,,,
,,,,"N24'09'59.8""",,,,,,,西,4.5,0,0.4,"16,737 ","32,736 ","16,368 ","15,983 ",227 ,84 ,0 ,38 ,36 ,"1,613 ",17-18,,,,
台中市,Ⅱ-II04,西屯二交流道,9K+900,"E120'38'0.9""",台74線,西屯二交流道~西屯三交流道,9K+500~10K+940,平原區,1.4,32.2,東,"3.5,3.5,3.5,3.5",0,1.1,"63,587 ","86,400 ","61,714 ","59,368 ",546 ,906 ,11 ,616 ,267 ,"4,957 ",07-08,0.52,,,
,,,,"N24'10'21.9""",,,,,,,西,"3.5,3.5,3.5,3.5",0,1.1,"58,311 ","79,680 ","56,914 ","54,921 ",415 ,846 ,9 ,432 ,291 ,"5,069 ",07-08,,,,
台中市,"Ⅱ-II04入口
匝道",西屯二交流道,9K+900,"E120'38'0.9""",台74線,西屯二交流道~西屯三交流道,9K+500~10K+940,平原區,1.4,15.8,東,"3.4,3.4",0,0.4,"8,540 ","11,781 ","8,415 ","8,128 ",55 ,176 ,0 ,13 ,43 ,913 ,18-19,0.60,,,
,,,,"N24'10'21.9""",,,,,,,西,"3.3,3.3",0,0.4,"12,746 ","17,455 ","12,468 ","12,106 ",101 ,128 ,0 ,90 ,43 ,"1,109 ",07-08,,,,
台中市,Ⅱ-II05,北屯一交流道,12K+650,"E120'38'41.4""",台74線,西屯三交流道~北屯一交流道,10K+940~13K+000,平原區,2.1,28,東,"3.5,3.5,3.5",0,2.4,"43,441 ","89,668 ","42,699 ","41,389 ",185 ,690 ,2 ,197 ,236 ,"3,760 ",17-18,0.50,,,
,,,,"N24'11'40.9""",,,,,,,西,"3.5,3.5,3.5",0,2.5,"42,804 ","88,393 ","42,092 ","40,679 ",182 ,778 ,1 ,171 ,281 ,"4,129 ",07-08,,,,
台中市,"Ⅱ-II05出口
匝道",北屯一交流道,12K+650,"E120'38'41.4""",台74線,西屯三交流道~北屯一交流道,10K+940~13K+000,平原區,2.1,11,東,4.5,0,0.5,"17,864 ","34,963 ","16,649 ","15,561 ",154 ,665 ,1 ,211 ,57 ,"1,281 ",09-10,0.51,,,
,,,,"N24'11'40.9""",,,,,,,西,4.7,0,0.4,"17,413 ","34,222 ","16,296 ","15,283 ",131 ,646 ,3 ,180 ,53 ,"1,294 ",16-17,,,,
台中市,Ⅱ-II06,中清地下道,13K+300,"E120'39'0.9""",台74線,北屯一交流道~崇德交流道,13K+000~16K+987,平原區,4,28,東,"3.5,3.5,3.5",0,2.4,"44,112 ","173,552 ","43,388 ","42,078 ",191 ,678 ,2 ,192 ,247 ,"3,959 ",17-18,0.51,,,
,,,,"N24'11'50.0""",,,,,,,西,"3.5,3.5,3.5",0,2.5,"41,894 ","164,688 ","41,172 ","39,781 ",186 ,767 ,1 ,174 ,263 ,"4,055 ",07-08,,,,
台中市,"Ⅱ-II06入口
匝道",中清地下道,13K+300,"E120'39'0.9""",台74線,北屯一交流道~崇德交流道,13K+000~16K+987,平原區,4,11.2,東,4.8,0,0.4,"8,315 ","31,884 ","7,971 ","7,600 ",39 ,252 ,2 ,35 ,43 ,991 ,17-18,0.53,,,
,,,,"N24'11'50.0""",,,,,,,西,4.6,0,0.4,"9,323 ","35,732 ","8,933 ","8,503 ",40 ,288 ,0 ,45 ,57 ,"1,363 ",07-08,,,,
台中市,Ⅱ-II07,崇德交流道,17K+550,"E120'41'29.3""",台74線,崇德交流道~潭子交流道,16K+987~18K+847,平原區,1.9,25,東,"3.5,3.5,3.5",0,1.2,"45,485 ","84,301 ","44,369 ","42,723 ",274 ,865 ,14 ,298 ,195 ,"3,596 ",18-19,0.51,,,
,,,,"N24'12'3.5""",,,,,,,西,"3.5,3.5,3.5",0,1.2,"44,356 ","82,264 ","43,297 ","41,788 ",255 ,738 ,9 ,311 ,196 ,"4,360 ",07-08,,,,
台中市,"Ⅱ-II07出口
匝道",崇德交流道,17K+550,"E120'40'47.3""",台74線,崇德交流道~潭子交流道,16K+987~18K+847,平原區,1.9,10.8,東,4.5,0,0.4,"9,847 ","18,052 ","9,501 ","9,114 ",32 ,264 ,0 ,38 ,53 ,844 ,17-18,0.55,,,
,,,,"N24'12'3.6""",,,,,,,西,4.5,0,0.4,"12,240 ","22,150 ","11,658 ","11,103 ",51 ,375 ,0 ,88 ,41 ,"1,110 ",07-08,,,,
台中市,"Ⅱ-II07入口
匝道",崇德交流道,17K+550,"E120'41'29.3""",台74線,崇德交流道~潭子交流道,16K+987~18K+847,平原區,1.9,10.8,東,4.5,0,0.4,"11,990 ","21,821 ","11,485 ","11,005 ",58 ,327 ,1 ,66 ,28 ,969 ,10-11,0.54,,,
,,,,"N24'12'3.5""",,,,,,,西,4.5,0,0.4,"9,990 ","18,436 ","9,703 ","9,369 ",45 ,181 ,1 ,45 ,62 ,982 ,07-08,,,,
台中市,Ⅱ-II08,潭子交流道,19K+400,"E120'42'35.4""",台74線,潭子交流道~松竹交流道,18K+847~22K+750,平原區,3.9,25,東,"3.5,3.5,3.5",0,1.2,"45,225 ","171,705 ","44,027 ","42,283 ",301 ,943 ,14 ,309 ,177 ,"3,692 ",17-18,0.50,,,
,,,,"N24'12'1.8""",,,,,,,西,"3.5,3.5,3.5",0,1.2,"44,929 ","170,594 ","43,742 ","42,091 ",255 ,863 ,9 ,341 ,183 ,"4,342 ",07-08,,,,
台中市,"Ⅱ-II08出口
匝道",潭子交流道,19K+400,"E120'41'53.3""",台74線,潭子交流道~松竹交流道,18K+847~22K+750,平原區,3.9,10.8,東,4.5,0,0.4,"12,195 ","46,121 ","11,826 ","11,444 ",30 ,250 ,2 ,54 ,46 ,"1,149 ",18-19,0.58,,,
,,,,"N24'12'3.7""",,,,,,,西,4.5,0,0.4,"8,914 ","33,575 ","8,609 ","8,309 ",47 ,203 ,0 ,32 ,18 ,773 ,07-08,,,,
台中市,"Ⅱ-II08入口
匝道",潭子交流道,19K+400,"E120'42'35.4""",台74線,潭子交流道~松竹交流道,18K+847~22K+750,平原區,3.9,10.8,東,4.5,0,0.4,"7,783 ","29,355 ","7,527 ","7,264 ",39 ,161 ,0 ,35 ,28 ,756 ,07-08,0.60,,,
,,,,"N24'12'1.8""",,,,,,,西,4.5,0,0.4,"11,601 ","43,727 ","11,212 ","10,800 ",50 ,250 ,0 ,58 ,54 ,"1,115 ",07-08,,,,
台中市,Ⅱ-II09,松竹交流道,22K+850,"E120'43'15.3""",台74線,松竹交流道~太原交流道,22K+750~24K+411,平原區,1.7,25,東,"3.5,3.5,3.5",0,1.2,"40,247 ","66,577 ","39,163 ","37,654 ",258 ,801 ,14 ,292 ,144 ,"3,263 ",17-18,0.51,,,
,,,,"N24'10'36.8""",,,,,,,西,"3.5,3.5,3.5",0,1.2,"41,456 ","68,593 ","40,349 ","38,855 ",218 ,796 ,9 ,321 ,150 ,"3,935 ",07-08,,,,
台中市,"Ⅱ-II09出口
匝道",松竹交流道,22K+850,"E120'43'15.3""",台74線,松竹交流道~太原交流道,22K+750~24K+411,平原區,1.7,10.8,東,4.5,0,0.4,"12,853 ","21,068 ","12,393 ","11,894 ",83 ,303 ,0 ,52 ,61 ,"1,080 ",17-18,0.51,,,
,,,,"N24'10'36.8""",,,,,,,西,4.5,0,0.4,"12,432 ","20,400 ","12,000 ","11,545 ",84 ,269 ,0 ,52 ,50 ,"1,195 ",07-08,,,,
台中市,"Ⅱ-II09入口
匝道",松竹交流道,22K+850,"E120'43'15.3""",台74線,松竹交流道~太原交流道,22K+750~24K+411,平原區,1.7,5.4,東,4.5,0,0.4,"11,289 ","18,510 ","10,888 ","10,512 ",71 ,220 ,0 ,61 ,24 ,961 ,17-18,1.00,,,
,,,,"N24'10'36.8""",,,,,,,0,0,0,0,0 ,0 ,0 ,0 ,0 ,0 ,0 ,0 ,0 ,,,,,,
台中市,Ⅱ-II10,太原交流道,24K+950,"E120'43'2.7""",台74線,太原交流道~大里一交流道,24K+411~30K+137,平原區,5.7,25,東,"3.5,3.5,3.5",0,1.2,"41,038 ","227,493 ","39,911 ","38,411 ",250 ,784 ,14 ,318 ,134 ,"3,441 ",17-18,0.51,,,
,,,,"N24'09'29.6""",,,,,,,西,"3.5,3.5,3.5",0,1.2,"39,273 ","217,626 ","38,180 ","36,731 ",218 ,774 ,5 ,320 ,132 ,"3,420 ",07-08,,,,
台中市,"Ⅱ-II10出口
匝道",太原交流道,24K+950,"E120'43'2.7""",台74線,太原交流道~大里一交流道,24K+411~30K+137,平原區,5.7,10.8,東,4.5,0,0.4,"10,508 ","57,792 ","10,139 ","9,754 ",79 ,237 ,0 ,35 ,34 ,781 ,17-18,0.50,,,
,,,,"N24'09'29.6""",,,,,,,西,4.5,0,0.4,"10,729 ","58,932 ","10,339 ","9,976 ",47 ,214 ,0 ,72 ,30 ,810 ,17-18,,,,
台中市,"Ⅱ-II10入口
匝道",太原交流道,24K+950,"E120'43'2.7""",台74線,太原交流道~大里一交流道,24K+411~30K+137,平原區,5.7,10.8,東,4.5,0,0.4,"12,421 ","67,972 ","11,925 ","11,487 ",48 ,232 ,1 ,117 ,40 ,"1,204 ",07-08,0.52,,,
,,,,"N24'09'29.6""",,,,,,,西,4.5,0,0.4,"13,215 ","72,994 ","12,806 ","12,363 ",54 ,281 ,3 ,48 ,57 ,"1,330 ",07-08,,,,
台中市,Ⅱ-II11,大里二交流道,33K+250,"E120'41'4.9""",台74線,大里一交流道~霧峰交流道,30K+137~39K+235,平原區,9.1,21.6,東,"3.5,3.5",0,2.4,"38,342 ","338,939 ","37,246 ","36,004 ",318 ,606 ,4 ,313 ,1 ,"3,781 ",09-10,0.53,,,
,,,,"N24'05'29.1""",,,,,,,西,"3.5,3.5",0,0.8,"34,426 ","303,831 ","33,388 ","32,237 ",221 ,597 ,7 ,310 ,16 ,"3,488 ",17-18,,,,
台中市,"Ⅱ-II11出口
匝道",大里二交流道,33K+250,"E120'41'4.9""",台74線,大里一交流道~霧峰交流道,30K+137~39K+235,平原區,9.1,10.8,東,4.5,0,0.4,"8,835 ","73,492 ","8,076 ","7,438 ",29 ,366 ,0 ,194 ,49 ,"1,133 ",07-08,0.55,,,
,,,,"N24'05'29.1""",,,,,,,西,4.5,0,0.4,"7,253 ","59,041 ","6,488 ","5,871 ",44 ,325 ,0 ,208 ,40 ,766 ,17-18,,,,
,,,,,,合計,,,35.4 ,,,,,,"1,683,851","4,364,789",,,,,,,,,,,,,
,,,,,,,,,,,,,,,,,,,,,,,,,,,,,
彰化縣,Ⅱ-II12,牛埔交流道,0K+900,"E120'35'49.7""",台74甲線,快官交流道~牛埔,0K+000~1K+300,平原區,1.3,29.3,東,"3.5,3.5",4.5,1.8,"35,976 ","44,832 ","34,486 ","32,869 ",155 ,706 ,14 ,545 ,197 ,"3,494 ",17-18,0.51,,,
,,,,"N24'05'9.0""",,,,,,,西,"3.5,3.5",4.5,1.8,"34,611 ","43,190 ","33,223 ","31,661 ",176 ,707 ,8 ,492 ,179 ,"3,416 ",07-08,,,,
彰化縣,Ⅱ-II13,里程牌,5K+100,"E120'34'57.8""",台74甲線,牛埔~草仔埔,1K+300~6K+000,丘陵區,4.7,26.4,東,"3.5,3.6",2.9,0.5,"17,242 ","78,579 ","16,719 ","13,475 ",54 ,310 ,10 ,228 ,"2,642 ","1,720 ",17-18,0.55,23 ,122 ,"快慢分隔,1車道;
（平日）自行車車輛數(輛/日)：23
（假日）自行車車輛數(輛/日)：122"
,,,,"N24'03'5.5""",,,,,,,西,"3.5,3.5",2.8,0.6,"20,838 ","96,853 ","20,607 ","16,581 ",57 ,352 ,4 ,207 ,"3,406 ","2,130 ",07-08,,18 ,30 ,"快慢分隔,1車道;
（平日）自行車車輛數(輛/日)：18
（假日）自行車車輛數(輛/日)：30"
彰化縣,Ⅱ-II14,里程牌,10K+000,"E120'33'14.8""",台74甲線,草仔埔~花壇,6K+000~10K+245,平原區,4.2,26.4,東,"3.5,3.5",2.0,2.4,"11,643 ","49,522 ","11,791 ","9,714 ",34 ,206 ,6 ,117 ,"1,714 ","1,059 ",17-18,0.51,,,
,,,,"N24'01'9.1""",,,,,,,西,"3.5,3.5",2.0,2.4,"11,068 ","47,300 ","11,262 ","9,142 ",34 ,207 ,2 ,106 ,"1,771 ","1,084 ",17-18,,,,
,,,,,,合計,,,10.2 ,,,,,,"131,378","360,276",,,,,,,,,,,,,
,,,,,,,,,,,,,,,,,,,,,,,,,,,,,
彰化縣,Ⅱ-II15,福興交流道,11K+940,"E120'29'24.7""",台76線,芳苑~埔鹽,0K+000~13K+000,平原區,13,20.9,東,"3.5,3.5",0,2.4,"13,104 ","140,400 ","10,800 ","9,225 ",145 ,389 ,10 ,"1,012 ",19 ,"1,509 ",17-18,0.53,,,
,,,,"N24'00'32.3""",,,,,,,西,"3.5,3.5",0,2.5,"11,088 ","123,994 ","9,538 ","8,327 ",96 ,455 ,9 ,632 ,19 ,"1,410 ",07-08,,,,
彰化縣,"Ⅱ-II15入口
匝道",福興交流道,11K+940,"E120'29'24.7""",台76線,芳苑~埔鹽,0K+000~13K+000,平原區,13,11.5,東,4.5,0,1.0,"7,065 ","82,693 ","6,361 ","5,805 ",30 ,376 ,8 ,141 ,1 ,804 ,17-18,0.52,,,
,,,,"N24'00'32.3""",,,,,,,西,4.5,0,0.5,"7,715 ","90,506 ","6,962 ","6,348 ",25 ,423 ,11 ,144 ,11 ,975 ,07-08,,,,
彰化縣,Ⅱ-II16,埔鹽系統交流道,15K+000,"E120'30'29.4""",台76線,埔鹽~埔心,13K+000~19K+000,平原區,6,20.9,東,"3.5,3.5",0,2.4,"9,752 ","54,132 ","9,022 ","8,260 ",85 ,413 ,0 ,244 ,20 ,"1,242 ",17-18,0.51,,,
,,,,"N23'58'55.2""",,,,,,,西,"3.5,3.5",0,2.5,"9,395 ","52,758 ","8,793 ","8,155 ",57 ,346 ,0 ,206 ,29 ,"1,262 ",07-08,,,,
彰化縣,"Ⅱ-II16入口
匝道1",埔鹽系統交流道,15K+000,"E120'30'29.4""",台76線,埔鹽~埔心,13K+000~19K+000,平原區,6,14.8,東,4.4,0,1.8,"13,602 ","74,238 ","12,373 ","11,356 ",99 ,706 ,20 ,192 ,0 ,"1,136 ",17-18,0.74,,,國道一往南匯入
,,,,"N23'58'55.2""",,,,,,,西,4.5,0,1.7,"5,817 ","26,370 ","4,395 ","3,496 ",32 ,344 ,20 ,503 ,0 ,675 ,07-08,,,,國道一往北匯入
彰化縣,"Ⅱ-II16入口
匝道2",埔鹽系統交流道,15K+000,"E120'30'29.4""",台76線,埔鹽~埔心,13K+000~19K+000,平原區,6,14.8,東,4.6,0,1.8,"6,333 ","35,022 ","5,837 ","5,396 ",41 ,345 ,6 ,49 ,0 ,544 ,07-08,0.64,,,國道一往北匯入
,,,,"N23'58'55.2""",,,,,,,西,4.5,0,1.6,"3,662 ","19,854 ","3,309 ","3,023 ",32 ,187 ,0 ,67 ,0 ,465 ,07-08,,,,國道一往南匯入
彰化縣,Ⅱ-II17,埔心交流道,19K+200,"E120'32'33.2""",台76線,埔心~員林,19K+000~22K+200,平原區,3.2,20.8,東,"3.5,3.5",0,2.4,"21,907 ","65,677 ","20,524 ","18,907 ",181 ,"1,033 ",19 ,371 ,13 ,"2,115 ",17-18,0.50,,,
,,,,"N23'57'54.7""",,,,,,,西,"3.5,3.5",0,2.4,"21,600 ","65,469 ","20,459 ","19,021 ",188 ,929 ,15 ,281 ,25 ,"1,964 ",07-08,,,,
彰化縣,"Ⅱ-II17入口
匝道",埔心交流道,19K+200,"E120'32'33.2""",台76線,埔心~員林,19K+000~22K+200,平原區,3.2,11.1,東,4.5,0,0.6,"3,404 ","10,346 ","3,233 ","3,063 ",18 ,141 ,1 ,6 ,4 ,356 ,17-18,0.67,,,
,,,,"N23'57'54.7""",,,,,,,西,4.5,0,0.5,"7,323 ","21,158 ","6,612 ","6,014 ",40 ,435 ,8 ,111 ,4 ,852 ,07-08,,,,
彰化縣,Ⅱ-II18,員林交流道,22K+200,"E120'34'10.6""",台76線,員林~林厝,22K+200~26K+100,平原區,3.9,20.8,東,"3.5,3.5",0,2.5,"12,572 ","47,221 ","12,108 ","11,433 ",140 ,430 ,1 ,91 ,13 ,"1,375 ",17-18,0.50,,,
,,,,"N23'56'41.1""",,,,,,,西,"3.5,3.5",0,2.5,"12,707 ","47,912 ","12,285 ","11,598 ",115 ,504 ,1 ,57 ,10 ,"1,343 ",07-08,,,,
彰化縣,"Ⅱ-II18入口
匝道",員林交流道,22K+200,"E120'34'10.6""",台76線,員林~林厝,22K+200~26K+100,平原區,3.9,10.8,東,4.4,0,0.5,"7,860 ","29,773 ","7,634 ","7,404 ",36 ,183 ,0 ,5 ,6 ,696 ,07-08,0.62,,,
,,,,"N23'56'41.1""",,,,,,,西,4.5,0,0.4,"13,443 ","47,966 ","12,299 ","11,407 ",93 ,497 ,14 ,268 ,20 ,"1,220 ",07-08,,,,
彰化縣,Ⅱ-II19,林厝交流道,26K+100,"E120'36'16.7""",台76線,林厝~中興,26K+100~32K+600,平原區,6.5,20.7,東,"3.5,3.5",0,2.4,"13,630 ","87,224 ","13,419 ","12,998 ",89 ,332 ,0 ,0 ,0 ,"1,388 ",07-08,0.52,,,
,,,,"N23'56'30.1""",,,,,,,西,"3.5,3.5",0,2.5,"14,546 ","92,755 ","14,270 ","13,718 ",100 ,451 ,0 ,0 ,1 ,"1,359 ",17-18,,,,
彰化縣,"Ⅱ-II19入口
匝道",林厝交流道,26K+100,"E120'36'16.7""",台76線,林厝~中興,26K+100~32K+600,平原區,6.5,11.3,東,4.5,0,0.5,"9,175 ","58,260 ","8,963 ","8,751 ",39 ,173 ,0 ,0 ,0 ,877 ,07-08,0.61,,,
,,,,"N23'56'30.1""",,,,,,,西,4.6,0,0.4,"6,088 ","37,076 ","5,704 ","5,354 ",45 ,219 ,2 ,63 ,21 ,654 ,07-08,,,,
,,,,,,合計,,,32.6 ,,,,,,"231,788","1,310,804",,,,,,,,,,,,,
